id,layer,class,nl_request,evidence,dataset,expected_dataset_id,expected_metrics,expected_dimensions,expected_filters,expected_time_range,expected_artifact_type,expected_viz_type,ground_truth_sql_sqlite,ground_truth_sql_starrocks,ground_truth_sql_postgres,ground_truth_vegalite,automatic_check,difficulty,notes
bird_financial_01,1,query,How many accounts who have region in Prague are eligible for loans?,A3 contains the data of region,financial,,,,,,query_result,,SELECT COUNT(T1.account_id) FROM account AS T1 INNER JOIN loan AS T2 ON T1.account_id = T2.account_id INNER JOIN district AS T3 ON T1.district_id = T3.district_id WHERE T3.A3 = 'Prague',SELECT COUNT(T1.account_id) FROM account AS T1 INNER JOIN loan AS T2 ON T1.account_id = T2.account_id INNER JOIN district AS T3 ON T1.district_id = T3.district_id WHERE T3.A3 = 'Prague';,"SELECT COUNT(T1.account_id) FROM account AS T1 INNER JOIN loan AS T2 ON T1.account_id = T2.account_id INNER JOIN district AS T3 ON T1.district_id = T3.district_id WHERE T3.""A3"" = 'Prague';",,result_set_equivalence,easy,BIRD question_id=90; original_difficulty=simple; conversions=none; Postgres validated via dev Superset SQL Lab
bird_financial_02,1,query,"The average unemployment ratio of 1995 and 1996, which one has higher percentage?",A12 refers to unemploymant rate 1995; A13 refers to unemploymant rate 1996,financial,,,,,,query_result,,"SELECT DISTINCT IIF(AVG(A13) > AVG(A12), '1996', '1995') FROM district","SELECT DISTINCT IF(AVG(A13) > AVG(A12), '1996', '1995') FROM district;","SELECT DISTINCT CASE WHEN AVG(""A13"") > AVG(""A12"") THEN '1996' ELSE '1995' END FROM district;",,result_set_equivalence,easy,BIRD question_id=91; original_difficulty=simple; conversions=IIF->IF; Postgres validated via dev Superset SQL Lab
bird_financial_03,1,query,How many accounts who choose issuance after transaction are staying in East Bohemia region?,A3 contains the data of region; 'POPLATEK PO OBRATU' represents for 'issuance after transaction'.,financial,,,,,,query_result,,SELECT COUNT(T2.account_id) FROM district AS T1 INNER JOIN account AS T2 ON T1.district_id = T2.district_id WHERE T1.A3 = 'east Bohemia' AND T2.frequency = 'POPLATEK PO OBRATU',SELECT COUNT(T2.account_id) FROM district AS T1 INNER JOIN account AS T2 ON T1.district_id = T2.district_id WHERE T1.A3 = 'east Bohemia' AND T2.frequency = 'POPLATEK PO OBRATU';,"SELECT COUNT(T2.account_id) FROM district AS T1 INNER JOIN account AS T2 ON T1.district_id = T2.district_id WHERE T1.""A3"" = 'east Bohemia' AND T2.frequency = 'POPLATEK PO OBRATU';",,result_set_equivalence,medium,BIRD question_id=89; original_difficulty=moderate; conversions=none; Postgres validated via dev Superset SQL Lab
bird_financial_04,1,query,"Among the accounts who have approved loan date in 1997, list out the accounts that have the lowest approved amount and choose weekly issuance statement.",'POPLATEK TYDNE' stands for weekly issuance,financial,,,,,,query_result,,"SELECT T2.account_id FROM loan AS T1 INNER JOIN account AS T2 ON T1.account_id = T2.account_id WHERE STRFTIME('%Y', T1.date) = '1997' AND T2.frequency = 'POPLATEK TYDNE' ORDER BY T1.amount LIMIT 1",SELECT T2.account_id FROM loan AS T1 INNER JOIN account AS T2 ON T1.account_id = T2.account_id WHERE YEAR(T1.date) = 1997 AND T2.frequency = 'POPLATEK TYDNE' ORDER BY T1.amount LIMIT 1;,SELECT T2.account_id FROM loan AS T1 INNER JOIN account AS T2 ON T1.account_id = T2.account_id WHERE EXTRACT(YEAR FROM CAST(T1.date AS DATE)) = 1997 AND T2.frequency = 'POPLATEK TYDNE' ORDER BY T1.amount LIMIT 1;,,result_set_equivalence,medium,BIRD question_id=98; original_difficulty=moderate; conversions=STRFTIME('%Y')->YEAR; Postgres validated via dev Superset SQL Lab
bird_financial_05,1,query,What is the percentage of loan amount that has been fully paid with no issue.,"Loan paid with no issue means contract finished, no problems; status = 'A' means contract finished, no problems; Percentage of accounts by condition = [(total(amount) & condition) / (total amount)] * 100%",financial,,,,,,query_result,,SELECT (CAST(SUM(CASE WHEN status = 'A' THEN amount ELSE 0 END) AS REAL) * 100) / SUM(amount) FROM loan,SELECT (CAST(SUM(CASE WHEN status = 'A' THEN amount ELSE 0 END) AS DOUBLE) * 100) / SUM(amount) FROM loan;,SELECT (CAST(SUM(CASE WHEN status = 'A' THEN amount ELSE 0 END) AS DOUBLE PRECISION) * 100) / SUM(amount) FROM loan;,,result_set_equivalence,medium,BIRD question_id=117; original_difficulty=moderate; conversions=CAST REAL->DOUBLE; Postgres validated via dev Superset SQL Lab
bird_financial_06,1,query,"For the branch which located in the south Bohemia with biggest number of inhabitants, what is the percentage of the male clients?","Percentage of the male clients = DIVIDE(COUNT(male clients), COUNT(clients)) * 100; Male refers to gender = 'M', A3 is the region name. A4 contains the information about inhabitants.",financial,,,,,,query_result,,SELECT CAST(SUM(T1.gender = 'M') AS REAL) * 100 / COUNT(T1.client_id) FROM client AS T1 INNER JOIN district AS T2 ON T1.district_id = T2.district_id WHERE T2.A3 = 'south Bohemia' GROUP BY T2.A4 ORDER BY T2.A4 DESC LIMIT 1,"SELECT CAST(SUM(IF(T1.gender = 'M', 1, 0)) AS DOUBLE) * 100 / COUNT(T1.client_id) FROM client AS T1 INNER JOIN district AS T2 ON T1.district_id = T2.district_id WHERE T2.A3 = 'south Bohemia' GROUP BY T2.A4 ORDER BY T2.A4 DESC LIMIT 1;","SELECT CAST(SUM(CASE WHEN T1.gender = 'M' THEN 1 ELSE 0 END) AS DOUBLE PRECISION) * 100 / COUNT(T1.client_id) FROM client AS T1 INNER JOIN district AS T2 ON T1.district_id = T2.district_id WHERE T2.""A3"" = 'south Bohemia' GROUP BY T2.""A4"" ORDER BY CAST(T2.""A4"" AS INTEGER) DESC LIMIT 1;",,result_set_equivalence,hard,"BIRD question_id=115; original_difficulty=challenging; conversions=CAST REAL->DOUBLE, boolean aggregation->IF; Postgres validated via dev Superset SQL Lab"
bird_formula_1_01,1,query,What is the surname of the driver with the best lap time in race number 19 in the second qualifying period?,race number refers to raceId; second qualifying period refers to q2; best lap time refers to MIN(q2);,formula_1,,,,,,query_result,,SELECT T2.surname FROM qualifying AS T1 INNER JOIN drivers AS T2 ON T2.driverId = T1.driverId WHERE T1.raceId = 19 ORDER BY T1.q2 ASC LIMIT 1,SELECT T2.surname FROM qualifying AS T1 INNER JOIN drivers AS T2 ON T2.driverId = T1.driverId WHERE T1.raceId = 19 ORDER BY T1.q2 ASC LIMIT 1;,"SELECT T2.surname FROM qualifying AS T1 INNER JOIN drivers AS T2 ON T2.""driverId"" = T1.""driverId"" WHERE T1.""raceId"" = 19 ORDER BY T1.q2 ASC NULLS FIRST LIMIT 1;",,result_set_equivalence,easy,BIRD question_id=847; original_difficulty=simple; conversions=none; Postgres validated via dev Superset SQL Lab; actual import requires NULLS FIRST to preserve SQLite q2 ordering
bird_formula_1_02,1,query,Please list the year during which the race is held on circuits in Shanghai.,Shanghai is a name of location;,formula_1,,,,,,query_result,,SELECT T2.year FROM circuits AS T1 INNER JOIN races AS T2 ON T2.circuitID = T1.circuitId WHERE T1.location = 'Shanghai',SELECT T2.year FROM circuits AS T1 INNER JOIN races AS T2 ON T2.circuitID = T1.circuitId WHERE T1.location = 'Shanghai';,"SELECT T2.year FROM circuits AS T1 INNER JOIN races AS T2 ON T2.""circuitId"" = T1.circuitid WHERE T1.location = 'Shanghai';",,result_set_equivalence,easy,BIRD question_id=848; original_difficulty=simple; conversions=none; Postgres validated via dev Superset SQL Lab; actual import folded circuits.circuitId to circuitid
bird_formula_1_03,1,query,Please list the reference names of the drivers who are eliminated in the first period in race number 20.,driver reference name refers to driverRef; first qualifying period refers to q1; drivers who are eliminated in the first qualifying period refers to 5 drivers with MAX(q1); race number refers to raceId;,formula_1,,,,,,query_result,,SELECT T2.driverRef FROM qualifying AS T1 INNER JOIN drivers AS T2 ON T2.driverId = T1.driverId WHERE T1.raceId = 20 ORDER BY T1.q1 DESC LIMIT 5,SELECT T2.driverRef FROM qualifying AS T1 INNER JOIN drivers AS T2 ON T2.driverId = T1.driverId WHERE T1.raceId = 20 ORDER BY T1.q1 DESC LIMIT 5;,"SELECT T2.""driverRef"" FROM qualifying AS T1 INNER JOIN drivers AS T2 ON T2.""driverId"" = T1.""driverId"" WHERE T1.""raceId"" = 20 ORDER BY T1.q1 DESC LIMIT 5;",,result_set_equivalence,medium,BIRD question_id=846; original_difficulty=moderate; conversions=none; Postgres validated via dev Superset SQL Lab
bird_formula_1_04,1,query,How many races in the year 2010 are held on grand prixs outside Asia and Europe?,,formula_1,,,,,,query_result,,"SELECT COUNT(T3.raceId) FROM circuits AS T1 INNER JOIN races AS T3 ON T3.circuitID = T1.circuitId WHERE T1.country NOT IN ( 'Bahrain', 'China', 'Singapore', 'Japan', 'Korea', 'Turkey', 'UAE', 'Malaysia', 'Spain', 'Monaco', 'Azerbaijan', 'Austria', 'Belgium', 'France', 'Germany', 'Hungary', 'Italy', 'UK' ) AND T3.year = 2010","SELECT COUNT(T3.raceId) FROM circuits AS T1 INNER JOIN races AS T3 ON T3.circuitID = T1.circuitId WHERE T1.country NOT IN ( 'Bahrain', 'China', 'Singapore', 'Japan', 'Korea', 'Turkey', 'UAE', 'Malaysia', 'Spain', 'Monaco', 'Azerbaijan', 'Austria', 'Belgium', 'France', 'Germany', 'Hungary', 'Italy', 'UK' ) AND T3.year = 2010;","SELECT COUNT(T3.""raceId"") FROM circuits AS T1 INNER JOIN races AS T3 ON T3.""circuitId"" = T1.circuitid WHERE T1.country NOT IN ( 'Bahrain', 'China', 'Singapore', 'Japan', 'Korea', 'Turkey', 'UAE', 'Malaysia', 'Spain', 'Monaco', 'Azerbaijan', 'Austria', 'Belgium', 'France', 'Germany', 'Hungary', 'Italy', 'UK' ) AND T3.year = 2010;",,result_set_equivalence,medium,BIRD question_id=852; original_difficulty=moderate; conversions=none; Postgres validated via dev Superset SQL Lab; actual import folded circuits.circuitId to circuitid
bird_formula_1_05,1,query,"For all the drivers who finished the game in race No. 592, who is the oldest?","drivers who finished the race refers to time is not empty (i.e. time IS NOT NULL); race number refers to raceId; date of birth refers to drivers.dob; The larger the birthday value, the younger the person is, and vice versa;",formula_1,,,,,,query_result,,"SELECT T1.forename, T1.surname FROM drivers AS T1 INNER JOIN results AS T2 ON T2.driverId = T1.driverId WHERE T2.raceId = 592 AND T2.time IS NOT NULL AND T1.dob IS NOT NULL ORDER BY T1.dob ASC LIMIT 1","SELECT T1.forename, T1.surname FROM drivers AS T1 INNER JOIN results AS T2 ON T2.driverId = T1.driverId WHERE T2.raceId = 592 AND T2.time IS NOT NULL AND T1.dob IS NOT NULL ORDER BY T1.dob ASC LIMIT 1;","SELECT T1.forename, T1.surname FROM drivers AS T1 INNER JOIN results AS T2 ON T2.""driverId"" = T1.""driverId"" WHERE T2.""raceId"" = 592 AND T2.time IS NOT NULL AND T1.dob IS NOT NULL ORDER BY T1.dob ASC LIMIT 1;",,result_set_equivalence,medium,BIRD question_id=865; original_difficulty=moderate; conversions=none; Postgres validated via dev Superset SQL Lab
bird_formula_1_06,1,query,Please calculate the race completion percentage of Japanese drivers from 2007 to 2009.,"from 2007 to 2009 refers to year between 2007 and 2009; race completion refers to time is not null; percentage = Divide(COUNT(DriverID where time is not null and year between 2007 and 2009),Count (DriverID where year between 2007 and 2009))*100; ",formula_1,,,,,,query_result,,"SELECT CAST(SUM(IIF(T1.time IS NOT NULL, 1, 0)) AS REAL) * 100 / COUNT(T1.raceId) FROM results AS T1 INNER JOIN races AS T2 on T1.raceId = T2.raceId INNER JOIN drivers AS T3 on T1.driverId = T3.driverId WHERE T3.nationality = 'Japanese' AND T2.year BETWEEN 2007 AND 2009","SELECT CAST(SUM(IF(T1.time IS NOT NULL, 1, 0)) AS DOUBLE) * 100 / COUNT(T1.raceId) FROM results AS T1 INNER JOIN races AS T2 on T1.raceId = T2.raceId INNER JOIN drivers AS T3 on T1.driverId = T3.driverId WHERE T3.nationality = 'Japanese' AND T2.year BETWEEN 2007 AND 2009;","SELECT CAST(SUM(CASE WHEN T1.time IS NOT NULL THEN 1 ELSE 0 END) AS DOUBLE PRECISION) * 100 / COUNT(T1.""raceId"") FROM results AS T1 INNER JOIN races AS T2 ON T1.""raceId"" = T2.""raceId"" INNER JOIN drivers AS T3 ON T1.""driverId"" = T3.""driverId"" WHERE T3.nationality = 'Japanese' AND T2.year BETWEEN 2007 AND 2009;",,result_set_equivalence,hard,"BIRD question_id=954; original_difficulty=challenging; conversions=IIF->IF, CAST REAL->DOUBLE; Postgres validated via dev Superset SQL Lab"
bird_card_games_01,1,query,Which are the cards that have incredibly powerful foils.,incredibly poweful foils refers to cardKingdomFoilId is not null AND cardKingdomId is not null,card_games,,,,,,query_result,,SELECT id FROM cards WHERE cardKingdomFoilId IS NOT NULL AND cardKingdomId IS NOT NULL,SELECT id FROM cards WHERE cardKingdomFoilId IS NOT NULL AND cardKingdomId IS NOT NULL;,SELECT id FROM cards WHERE cardkingdomfoilid IS NOT NULL AND cardkingdomid IS NOT NULL;,,result_set_equivalence,easy,BIRD question_id=340; original_difficulty=simple; conversions=none; Postgres validated via dev Superset SQL Lab; actual import folded cardKingdom* columns to lowercase
bird_card_games_02,1,query,List the card names with value that cost more converted mana for the face.,more converted mana for the face refers to Max(faceConvertedManaCost);,card_games,,,,,,query_result,,SELECT name FROM cards ORDER BY faceConvertedManaCost LIMIT 1,SELECT name FROM cards ORDER BY faceConvertedManaCost LIMIT 1;,"SELECT name FROM cards ORDER BY faceconvertedmanacost ASC NULLS FIRST, id ASC LIMIT 1;",,result_set_equivalence,easy,"BIRD question_id=342; original_difficulty=simple; conversions=none; Postgres validated via dev Superset SQL Lab; actual import folded faceConvertedManaCost to lowercase and uses NULLS FIRST, id ASC for SQLite tie stability"
bird_card_games_03,1,query,List all the mythic rarity print cards banned in gladiator format.,mythic rarity printing refers to rarity = 'mythic'; card banned refers to status = 'Banned'; in gladiator format refers to format = 'gladiator';,card_games,,,,,,query_result,,SELECT DISTINCT T1.id FROM cards AS T1 INNER JOIN legalities AS T2 ON T1.uuid = T2.uuid WHERE T2.format = 'gladiator' AND T2.status = 'Banned' AND T1.rarity = 'mythic',SELECT DISTINCT T1.id FROM cards AS T1 INNER JOIN legalities AS T2 ON T1.uuid = T2.uuid WHERE T2.format = 'gladiator' AND T2.status = 'Banned' AND T1.rarity = 'mythic';,SELECT DISTINCT T1.id FROM cards AS T1 INNER JOIN legalities AS T2 ON T1.uuid = T2.uuid WHERE T2.format = 'gladiator' AND T2.status = 'Banned' AND T1.rarity = 'mythic';,,result_set_equivalence,medium,BIRD question_id=344; original_difficulty=moderate; conversions=none; Postgres validated via dev Superset SQL Lab
bird_card_games_04,1,query,"For artifact type of cards that do not have multiple faces on the same card, state its legalities status for vintage play format.",Artifact type of cards refers to types = 'Artifact'; card does not have multiple faces on the same card refers to side is NULL'; vintage play format refers to format = 'vintage';,card_games,,,,,,query_result,,SELECT DISTINCT T2.status FROM cards AS T1 INNER JOIN legalities AS T2 ON T1.uuid = T2.uuid WHERE T1.type = 'Artifact' AND T2.format = 'vintage' AND T1.side IS NULL,SELECT DISTINCT T2.status FROM cards AS T1 INNER JOIN legalities AS T2 ON T1.uuid = T2.uuid WHERE T1.type = 'Artifact' AND T2.format = 'vintage' AND T1.side IS NULL;,SELECT DISTINCT T2.status FROM cards AS T1 INNER JOIN legalities AS T2 ON T1.uuid = T2.uuid WHERE T1.type = 'Artifact' AND T2.format = 'vintage' AND T1.side IS NULL;,,result_set_equivalence,medium,BIRD question_id=345; original_difficulty=moderate; conversions=none; Postgres validated via dev Superset SQL Lab
bird_card_games_05,1,query,Calculate the percentage of the cards availabe in Chinese Simplified.,"Chinese Simplified' is the language; percentage = Divide(Sum(id where language = 'Chinese Simplified'), Count(id)) *100",card_games,,,,,,query_result,,SELECT CAST(SUM(CASE WHEN T2.language = 'Chinese Simplified' THEN 1 ELSE 0 END) AS REAL) * 100 / COUNT(T1.id) FROM cards AS T1 INNER JOIN foreign_data AS T2 ON T1.uuid = T2.uuid,SELECT CAST(SUM(CASE WHEN T2.language = 'Chinese Simplified' THEN 1 ELSE 0 END) AS DOUBLE) * 100 / COUNT(T1.id) FROM cards AS T1 INNER JOIN foreign_data AS T2 ON T1.uuid = T2.uuid;,SELECT CAST(SUM(CASE WHEN T2.language = 'Chinese Simplified' THEN 1 ELSE 0 END) AS DOUBLE PRECISION) * 100 / COUNT(T1.id) FROM cards AS T1 INNER JOIN foreign_data AS T2 ON T1.uuid = T2.uuid;,,result_set_equivalence,medium,BIRD question_id=352; original_difficulty=moderate; conversions=CAST REAL->DOUBLE; Postgres validated via dev Superset SQL Lab
bird_card_games_06,1,query,What is the percentage of cards whose language is French among the Story Spotlight cards?,"Story Spotlight card refers to isStorySpotlight = 1; French is the language; Percentage = Divide(Count(id) where language = 'French' and isStorySpotlight = 1, Count(id) where isStorySpotlight = 1)*100",card_games,,,,,,query_result,,SELECT CAST(SUM(CASE WHEN T2.language = 'French' THEN 1 ELSE 0 END) AS REAL) * 100 / COUNT(T1.id) FROM cards AS T1 INNER JOIN foreign_data AS T2 ON T1.uuid = T2.uuid WHERE T1.isStorySpotlight = 1,SELECT CAST(SUM(CASE WHEN T2.language = 'French' THEN 1 ELSE 0 END) AS DOUBLE) * 100 / COUNT(T1.id) FROM cards AS T1 INNER JOIN foreign_data AS T2 ON T1.uuid = T2.uuid WHERE T1.isStorySpotlight = 1;,SELECT CAST(SUM(CASE WHEN T2.language = 'French' THEN 1 ELSE 0 END) AS DOUBLE PRECISION) * 100 / COUNT(T1.id) FROM cards AS T1 INNER JOIN foreign_data AS T2 ON T1.uuid = T2.uuid WHERE T1.isstoryspotlight = 1;,,result_set_equivalence,hard,BIRD question_id=371; original_difficulty=challenging; conversions=CAST REAL->DOUBLE; Postgres validated via dev Superset SQL Lab; actual import folded isStorySpotlight to lowercase
bird_european_football_2_01,1,query,Which player has the highest overall rating? Indicate the player's api id.,highest overall rating refers to MAX(overall_rating);,european_football_2,,,,,,query_result,,SELECT player_api_id FROM Player_Attributes ORDER BY overall_rating DESC LIMIT 1,SELECT player_api_id FROM Player_Attributes ORDER BY overall_rating DESC LIMIT 1;,SELECT player_api_id FROM player_attributes ORDER BY overall_rating DESC NULLS LAST LIMIT 1;,,result_set_equivalence,easy,BIRD question_id=1020; original_difficulty=simple; conversions=none; Postgres validated via dev Superset SQL Lab
bird_european_football_2_02,1,query,What is the height of the tallest player? Indicate his name.,tallest player refers to MAX(height);,european_football_2,,,,,,query_result,,SELECT player_name FROM Player ORDER BY height DESC LIMIT 1,SELECT player_name FROM Player ORDER BY height DESC LIMIT 1;,SELECT player_name FROM player ORDER BY height DESC NULLS LAST LIMIT 1;,,result_set_equivalence,easy,BIRD question_id=1021; original_difficulty=simple; conversions=none; Postgres validated via dev Superset SQL Lab
bird_european_football_2_03,1,query,"Among the players with an overall rating between 60 to 65, how many players whose going to be in all of your attack moves instead of defensing?",overall_rating > = 60 AND overall_rating < 65; players whose going to be in all of your attack moves instead of defensing refers to defensive_work_rate = 'low';,european_football_2,,,,,,query_result,,SELECT COUNT(id) FROM Player_Attributes WHERE overall_rating BETWEEN 60 AND 65 AND defensive_work_rate = 'low',SELECT COUNT(id) FROM Player_Attributes WHERE overall_rating BETWEEN 60 AND 65 AND defensive_work_rate = 'low';,SELECT COUNT(id) FROM player_attributes WHERE overall_rating BETWEEN 60 AND 65 AND defensive_work_rate = 'low';,,result_set_equivalence,medium,BIRD question_id=1023; original_difficulty=moderate; conversions=none; Postgres validated via dev Superset SQL Lab
bird_european_football_2_04,1,query,Give the name of the league had the most goals in the 2016 season?,"league that had the most goals refers to MAX(SUM(home_team_goal, away_team_goal)); 2016 season refers to season = '2015/2016';",european_football_2,,,,,,query_result,,SELECT t2.name FROM Match AS t1 INNER JOIN League AS t2 ON t1.league_id = t2.id WHERE t1.season = '2015/2016' GROUP BY t2.name ORDER BY SUM(t1.home_team_goal + t1.away_team_goal) DESC LIMIT 1,SELECT t2.name FROM Match AS t1 INNER JOIN League AS t2 ON t1.league_id = t2.id WHERE t1.season = '2015/2016' GROUP BY t2.name ORDER BY SUM(t1.home_team_goal + t1.away_team_goal) DESC LIMIT 1;,"SELECT t2.name FROM ""Match"" AS t1 INNER JOIN league AS t2 ON t1.league_id = t2.id WHERE t1.season = '2015/2016' GROUP BY t2.name ORDER BY SUM(t1.home_team_goal + t1.away_team_goal) DESC LIMIT 1;",,result_set_equivalence,medium,BIRD question_id=1025; original_difficulty=moderate; conversions=none; Postgres validated via dev Superset SQL Lab
bird_european_football_2_05,1,query,Give the name of the league had the most matches end as draw in the 2016 season?,most matches end as draw refers to MAX(SUM(home_team_goal = away_team_goal)); 2016 season refers to season = '2015/2016';,european_football_2,,,,,,query_result,,SELECT t2.name FROM Match AS t1 INNER JOIN League AS t2 ON t1.league_id = t2.id WHERE t1.season = '2015/2016' AND t1.home_team_goal = t1.away_team_goal GROUP BY t2.name ORDER BY COUNT(t1.id) DESC LIMIT 1,SELECT t2.name FROM Match AS t1 INNER JOIN League AS t2 ON t1.league_id = t2.id WHERE t1.season = '2015/2016' AND t1.home_team_goal = t1.away_team_goal GROUP BY t2.name ORDER BY COUNT(t1.id) DESC LIMIT 1;,"SELECT t2.name FROM ""Match"" AS t1 INNER JOIN league AS t2 ON t1.league_id = t2.id WHERE t1.season = '2015/2016' AND t1.home_team_goal = t1.away_team_goal GROUP BY t2.name ORDER BY COUNT(t1.id) DESC LIMIT 1;",,result_set_equivalence,medium,BIRD question_id=1030; original_difficulty=moderate; conversions=none; Postgres validated via dev Superset SQL Lab
bird_european_football_2_06,1,query,List the name of leagues in which the average goals by the home team is higher than the away team in the 2009/2010 season.,name of league refers to League.name; average goals by the home team is higher than the away team = AVG(home_team_goal) > AVG(away_team_goal); AVG(xx_goal) = SUM(xx_goal) / COUNT(DISTINCT Match.id); 2009/2010 season refers to season = '2009/2010',european_football_2,,,,,,query_result,,SELECT t1.name FROM League AS t1 INNER JOIN Match AS t2 ON t1.id = t2.league_id WHERE t2.season = '2009/2010' GROUP BY t1.name HAVING (CAST(SUM(t2.home_team_goal) AS REAL) / COUNT(DISTINCT t2.id)) - (CAST(SUM(t2.away_team_goal) AS REAL) / COUNT(DISTINCT t2.id)) > 0,SELECT t1.name FROM League AS t1 INNER JOIN Match AS t2 ON t1.id = t2.league_id WHERE t2.season = '2009/2010' GROUP BY t1.name HAVING (CAST(SUM(t2.home_team_goal) AS DOUBLE) / COUNT(DISTINCT t2.id)) - (CAST(SUM(t2.away_team_goal) AS DOUBLE) / COUNT(DISTINCT t2.id)) > 0;,"SELECT t1.name FROM league AS t1 INNER JOIN ""Match"" AS t2 ON t1.id = t2.league_id WHERE t2.season = '2009/2010' GROUP BY t1.name HAVING (CAST(SUM(t2.home_team_goal) AS DOUBLE PRECISION) / COUNT(DISTINCT t2.id)) - (CAST(SUM(t2.away_team_goal) AS DOUBLE PRECISION) / COUNT(DISTINCT t2.id)) > 0;",,result_set_equivalence,hard,BIRD question_id=1042; original_difficulty=challenging; conversions=CAST REAL->DOUBLE; Postgres validated via dev Superset SQL Lab
bird_student_club_01,1,query,What's Angela Sanders's major?,"Angela Sanders is the full name; full name refers to first_name, last_name; major refers to major_name.",student_club,,,,,,query_result,,SELECT T2.major_name FROM member AS T1 INNER JOIN major AS T2 ON T1.link_to_major = T2.major_id WHERE T1.first_name = 'Angela' AND T1.last_name = 'Sanders',SELECT T2.major_name FROM member AS T1 INNER JOIN major AS T2 ON T1.link_to_major = T2.major_id WHERE T1.first_name = 'Angela' AND T1.last_name = 'Sanders';,SELECT T2.major_name FROM member AS T1 INNER JOIN major AS T2 ON T1.link_to_major = T2.major_id WHERE T1.first_name = 'Angela' AND T1.last_name = 'Sanders';,,result_set_equivalence,easy,BIRD question_id=1312; original_difficulty=simple; conversions=none; Postgres validated via dev Superset SQL Lab
bird_student_club_02,1,query,How many students in the Student_Club are from the College of Engineering?,,student_club,,,,,,query_result,,SELECT COUNT(T1.member_id) FROM member AS T1 INNER JOIN major AS T2 ON T1.link_to_major = T2.major_id WHERE T2.college = 'College of Engineering',SELECT COUNT(T1.member_id) FROM member AS T1 INNER JOIN major AS T2 ON T1.link_to_major = T2.major_id WHERE T2.college = 'College of Engineering';,SELECT COUNT(T1.member_id) FROM member AS T1 INNER JOIN major AS T2 ON T1.link_to_major = T2.major_id WHERE T2.college = 'College of Engineering';,,result_set_equivalence,easy,BIRD question_id=1313; original_difficulty=simple; conversions=none; Postgres validated via dev Superset SQL Lab
bird_student_club_03,1,query,"Please list the phone numbers of the students from the Student_Club that has attended the event ""Women's Soccer"".",Women's Soccer is an event name; phone numbers refers to phone,student_club,,,,,,query_result,,SELECT T3.phone FROM event AS T1 INNER JOIN attendance AS T2 ON T1.event_id = T2.link_to_event INNER JOIN member AS T3 ON T2.link_to_member = T3.member_id WHERE T1.event_name = 'Women''s Soccer',SELECT T3.phone FROM event AS T1 INNER JOIN attendance AS T2 ON T1.event_id = T2.link_to_event INNER JOIN member AS T3 ON T2.link_to_member = T3.member_id WHERE T1.event_name = 'Women''s Soccer';,SELECT T3.phone FROM event AS T1 INNER JOIN attendance AS T2 ON T1.event_id = T2.link_to_event INNER JOIN member AS T3 ON T2.link_to_member = T3.member_id WHERE T1.event_name = 'Women''s Soccer';,,result_set_equivalence,medium,BIRD question_id=1316; original_difficulty=moderate; conversions=none; Postgres validated via dev Superset SQL Lab
bird_student_club_04,1,query,"Was each expense in October Meeting on October 8, 2019 approved?",event_name = 'October Meeting' where event_date = '2019-10-08'; approved = True means expenses was approved; approved = False means expenses was not approved,student_club,,,,,,query_result,,SELECT T3.approved FROM event AS T1 INNER JOIN budget AS T2 ON T1.event_id = T2.link_to_event INNER JOIN expense AS T3 ON T2.budget_id = T3.link_to_budget WHERE T1.event_name = 'October Meeting' AND T1.event_date LIKE '2019-10-08%',SELECT T3.approved FROM event AS T1 INNER JOIN budget AS T2 ON T1.event_id = T2.link_to_event INNER JOIN expense AS T3 ON T2.budget_id = T3.link_to_budget WHERE T1.event_name = 'October Meeting' AND T1.event_date LIKE '2019-10-08%';,SELECT T3.approved FROM event AS T1 INNER JOIN budget AS T2 ON T1.event_id = T2.link_to_event INNER JOIN expense AS T3 ON T2.budget_id = T3.link_to_budget WHERE T1.event_name = 'October Meeting' AND CAST(T1.event_date AS DATE) = DATE '2019-10-08';,,result_set_equivalence,medium,BIRD question_id=1338; original_difficulty=moderate; conversions=none; Postgres validated via dev Superset SQL Lab
bird_student_club_05,1,query,"What is the status of the event which bought ""Post Cards, Posters"" on 2019/8/20?","'Post Cards, Posters' is an expense description; on 2019/8/20 refers to expense_date = '2019-8-20'; status of event refers to event_status",student_club,,,,,,query_result,,"SELECT T1.event_status FROM budget AS T1 INNER JOIN expense AS T2 ON T1.budget_id = T2.link_to_budget WHERE T2.expense_description = 'Post Cards, Posters' AND T2.expense_date = '2019-08-20'","SELECT T1.event_status FROM budget AS T1 INNER JOIN expense AS T2 ON T1.budget_id = T2.link_to_budget WHERE T2.expense_description = 'Post Cards, Posters' AND T2.expense_date = '2019-08-20';","SELECT T1.event_status FROM budget AS T1 INNER JOIN expense AS T2 ON T1.budget_id = T2.link_to_budget WHERE T2.expense_description = 'Post Cards, Posters' AND CAST(T2.expense_date AS DATE) = DATE '2019-08-20';",,result_set_equivalence,medium,BIRD question_id=1350; original_difficulty=moderate; conversions=none; Postgres validated via dev Superset SQL Lab
bird_student_club_06,1,query,"How many times was the budget in Advertisement for ""Yearly Kickoff"" meeting more than ""October Meeting""?","budget in Advertisement refer to category = 'Advertisement' in the budget table; DIVIDE(SUM(amount when event_name = 'Yearly Kickoff'), SUM(amount when event_name = 'October Meeting'))",student_club,,,,,,query_result,,SELECT CAST(SUM(CASE WHEN T2.event_name = 'Yearly Kickoff' THEN T1.amount ELSE 0 END) AS REAL) / SUM(CASE WHEN T2.event_name = 'October Meeting' THEN T1.amount ELSE 0 END) FROM budget AS T1 INNER JOIN event AS T2 ON T1.link_to_event = T2.event_id WHERE T1.category = 'Advertisement' AND T2.type = 'Meeting',SELECT CAST(SUM(CASE WHEN T2.event_name = 'Yearly Kickoff' THEN T1.amount ELSE 0 END) AS DOUBLE) / SUM(CASE WHEN T2.event_name = 'October Meeting' THEN T1.amount ELSE 0 END) FROM budget AS T1 INNER JOIN event AS T2 ON T1.link_to_event = T2.event_id WHERE T1.category = 'Advertisement' AND T2.type = 'Meeting';,SELECT CAST(SUM(CASE WHEN T2.event_name = 'Yearly Kickoff' THEN T1.amount ELSE 0 END) AS DOUBLE PRECISION) / SUM(CASE WHEN T2.event_name = 'October Meeting' THEN T1.amount ELSE 0 END) FROM budget AS T1 INNER JOIN event AS T2 ON T1.link_to_event = T2.event_id WHERE T1.category = 'Advertisement' AND T2.type = 'Meeting';,,result_set_equivalence,hard,BIRD question_id=1359; original_difficulty=challenging; conversions=CAST REAL->DOUBLE; Postgres validated via dev Superset SQL Lab
nvbench_dog_kennels_01,2,chart,List the number of the treatments for each dog of the rarest breed in a bar chart.,"Visualize BAR SELECT name , COUNT(name) FROM Dogs AS T1 JOIN Treatments AS T2 ON T1.dog_id = T2.dog_id WHERE T1.breed_code = ( SELECT breed_code FROM Dogs GROUP BY breed_code ORDER BY count(*) ASC LIMIT 1 )",dog_kennels,81;86,COUNT(name),name,breed_code = rarest breed by dog count,,chart,Bar,"SELECT name , COUNT(name) FROM Dogs AS T1 JOIN Treatments AS T2 ON T1.dog_id = T2.dog_id WHERE T1.breed_code = ( SELECT breed_code FROM Dogs GROUP BY breed_code ORDER BY count(*) ASC LIMIT 1 )","SELECT name , COUNT(name) FROM Dogs AS T1 JOIN Treatments AS T2 ON T1.dog_id = T2.dog_id WHERE T1.breed_code = ( SELECT breed_code FROM Dogs GROUP BY breed_code ORDER BY count(*) ASC LIMIT 1 );","SELECT T1.name, COUNT(T1.name) AS treatment_count
FROM bench_nvbench_dog_kennels.dogs AS T1
JOIN bench_nvbench_dog_kennels.treatments AS T2 ON T1.dog_id = T2.dog_id
WHERE T1.breed_code = (
  SELECT breed_code
  FROM bench_nvbench_dog_kennels.dogs
  GROUP BY breed_code
  ORDER BY COUNT(*) ASC, breed_code ASC
  LIMIT 1
)
GROUP BY T1.name
ORDER BY T1.name;","{""chart"":""bar"",""x_name"":""name"",""y_name"":""COUNT(name)"",""x_data"":[[""Houston"",""Kacey"",""Lyric""]],""y_data"":[[1,1,3]],""classify"":[],""describe"":""GROUP BY name""}",vegalite_to_echarts_semantic_equivalence,hard,"NVBench id=1155; hardness=Extra Hard; chart=Bar; conversions=none; Postgres SQL validated through dev Superset SQL Lab on 2026-06-15; expected_dataset_id uses dev Superset dataset IDs, semicolon-separated when the chart spans multiple physical tables"
nvbench_dog_kennels_02,2,chart,List the number of dogs of the rarest breed in each treatment day with a line chart that groups by date of treatment.,"Visualize LINE SELECT date_of_treatment , COUNT(date_of_treatment) FROM Dogs AS T1 JOIN Treatments AS T2 ON T1.dog_id = T2.dog_id WHERE T1.breed_code = ( SELECT breed_code FROM Dogs GROUP BY breed_code ORDER BY count(*) ASC LIMIT 1 )",dog_kennels,81;86,COUNT(date_of_treatment),date_of_treatment,breed_code = rarest breed by dog count,No filter; group by treatment date,chart,Line,"SELECT date_of_treatment , COUNT(date_of_treatment) FROM Dogs AS T1 JOIN Treatments AS T2 ON T1.dog_id = T2.dog_id WHERE T1.breed_code = ( SELECT breed_code FROM Dogs GROUP BY breed_code ORDER BY count(*) ASC LIMIT 1 )","SELECT date_of_treatment , COUNT(date_of_treatment) FROM Dogs AS T1 JOIN Treatments AS T2 ON T1.dog_id = T2.dog_id WHERE T1.breed_code = ( SELECT breed_code FROM Dogs GROUP BY breed_code ORDER BY count(*) ASC LIMIT 1 );","SELECT T2.date_of_treatment::date AS date_of_treatment, COUNT(*) AS dog_count
FROM bench_nvbench_dog_kennels.dogs AS T1
JOIN bench_nvbench_dog_kennels.treatments AS T2 ON T1.dog_id = T2.dog_id
WHERE T1.breed_code = (
  SELECT breed_code
  FROM bench_nvbench_dog_kennels.dogs
  GROUP BY breed_code
  ORDER BY COUNT(*) ASC, breed_code ASC
  LIMIT 1
)
GROUP BY T2.date_of_treatment::date
ORDER BY date_of_treatment;","{""chart"":""line"",""x_name"":""date_of_treatment"",""y_name"":""COUNT(date_of_treatment)"",""x_data"":[[""8th"",""9th"",""10th"",""11th"",""12th"",""13th"",""14th"",""15th"",""16th"",""17th"",""18th"",""19th""]],""y_data"":[[1,0,0,0,0,0,1,2,0,0,0,1]],""classify"":[],""describe"":""BIN date_of_treatment BY TIME""}",vegalite_to_echarts_semantic_equivalence,hard,"NVBench id=1157; hardness=Extra Hard; chart=Line; conversions=none; Postgres SQL validated through dev Superset SQL Lab on 2026-06-15; expected_dataset_id uses dev Superset dataset IDs, semicolon-separated when the chart spans multiple physical tables"
nvbench_dog_kennels_03,2,chart,List the number of the treatments for each dog of the rarest breed in a pie chart.,"Visualize PIE SELECT name , COUNT(name) FROM Dogs AS T1 JOIN Treatments AS T2 ON T1.dog_id = T2.dog_id WHERE T1.breed_code = ( SELECT breed_code FROM Dogs GROUP BY breed_code ORDER BY count(*) ASC LIMIT 1 )",dog_kennels,81;86,COUNT(name),name,breed_code = rarest breed by dog count,,chart,Pie,"SELECT name , COUNT(name) FROM Dogs AS T1 JOIN Treatments AS T2 ON T1.dog_id = T2.dog_id WHERE T1.breed_code = ( SELECT breed_code FROM Dogs GROUP BY breed_code ORDER BY count(*) ASC LIMIT 1 )","SELECT name , COUNT(name) FROM Dogs AS T1 JOIN Treatments AS T2 ON T1.dog_id = T2.dog_id WHERE T1.breed_code = ( SELECT breed_code FROM Dogs GROUP BY breed_code ORDER BY count(*) ASC LIMIT 1 );","SELECT T1.name, COUNT(T1.name) AS treatment_count
FROM bench_nvbench_dog_kennels.dogs AS T1
JOIN bench_nvbench_dog_kennels.treatments AS T2 ON T1.dog_id = T2.dog_id
WHERE T1.breed_code = (
  SELECT breed_code
  FROM bench_nvbench_dog_kennels.dogs
  GROUP BY breed_code
  ORDER BY COUNT(*) ASC, breed_code ASC
  LIMIT 1
)
GROUP BY T1.name
ORDER BY T1.name;","{""chart"":""pie"",""x_name"":""name"",""y_name"":""COUNT(name)"",""x_data"":[[""Houston"",""Kacey"",""Lyric""]],""y_data"":[[1,1,3]],""classify"":[],""describe"":""GROUP BY name""}",vegalite_to_echarts_semantic_equivalence,hard,"NVBench id=1154; hardness=Extra Hard; chart=Pie; conversions=none; Postgres SQL validated through dev Superset SQL Lab on 2026-06-15; expected_dataset_id uses dev Superset dataset IDs, semicolon-separated when the chart spans multiple physical tables"
nvbench_dog_kennels_04,2,chart,Show the relationship between age and weight of the dogs who have been abandoned in a scatter chart.,"Visualize SCATTER SELECT age , weight FROM Dogs WHERE abandoned_yn = 1",dog_kennels,81,weight,age,abandoned_yn = '1',,chart,Scatter,"SELECT age , weight FROM Dogs WHERE abandoned_yn = 1","SELECT age , weight FROM Dogs WHERE abandoned_yn = 1;","SELECT age::numeric AS age, weight::numeric AS weight
FROM bench_nvbench_dog_kennels.dogs
WHERE abandoned_yn = '1'
ORDER BY dog_id;","{""chart"":""scatter"",""x_name"":""age"",""y_name"":""weight"",""x_data"":[[6,4,1]],""y_data"":[[7.57,4.36,4.01]],""classify"":[],""describe"":""""}",vegalite_to_echarts_semantic_equivalence,easy,"NVBench id=1171; hardness=Easy; chart=Scatter; conversions=none; Postgres SQL validated through dev Superset SQL Lab on 2026-06-15; expected_dataset_id uses dev Superset dataset IDs, semicolon-separated when the chart spans multiple physical tables"
nvbench_dog_kennels_05,2,chart,Show the relationship between age and weight of the dogs who have been abandoned in a group scatter chart that groups by dog's name.,"Visualize SCATTER SELECT age , weight FROM Dogs WHERE abandoned_yn = 1 GROUP BY name",dog_kennels,81,weight,age;name,abandoned_yn = '1',,chart,Grouping Scatter,"SELECT age , weight FROM Dogs WHERE abandoned_yn = 1 GROUP BY name","SELECT age , weight FROM Dogs WHERE abandoned_yn = 1 GROUP BY name;","SELECT name, age::numeric AS age, weight::numeric AS weight
FROM bench_nvbench_dog_kennels.dogs
WHERE abandoned_yn = '1'
ORDER BY name;","{""chart"":""scatter"",""x_name"":""age"",""y_name"":""weight"",""x_data"":[[1],[6],[4]],""y_data"":[[4.01],[7.57],[4.36]],""classify"":[""Evangeline"",""Kacey"",""Lyric""],""describe"":""GROUP BY name""}",vegalite_to_echarts_semantic_equivalence,medium,"NVBench id=1172; hardness=Medium; chart=Grouping Scatter; conversions=none; Postgres SQL validated through dev Superset SQL Lab on 2026-06-15; expected_dataset_id uses dev Superset dataset IDs, semicolon-separated when the chart spans multiple physical tables"
nvbench_dog_kennels_06,2,chart,List the number of dogs of the rarest breed in each treatment day with a bar chart that groups by date of treatment.,"Visualize BAR SELECT date_of_treatment , COUNT(date_of_treatment) FROM Dogs AS T1 JOIN Treatments AS T2 ON T1.dog_id = T2.dog_id WHERE T1.breed_code = ( SELECT breed_code FROM Dogs GROUP BY breed_code ORDER BY count(*) ASC LIMIT 1 )",dog_kennels,81;86,COUNT(date_of_treatment),date_of_treatment,breed_code = rarest breed by dog count,No filter; group by treatment date,chart,Bar,"SELECT date_of_treatment , COUNT(date_of_treatment) FROM Dogs AS T1 JOIN Treatments AS T2 ON T1.dog_id = T2.dog_id WHERE T1.breed_code = ( SELECT breed_code FROM Dogs GROUP BY breed_code ORDER BY count(*) ASC LIMIT 1 )","SELECT date_of_treatment , COUNT(date_of_treatment) FROM Dogs AS T1 JOIN Treatments AS T2 ON T1.dog_id = T2.dog_id WHERE T1.breed_code = ( SELECT breed_code FROM Dogs GROUP BY breed_code ORDER BY count(*) ASC LIMIT 1 );","SELECT T2.date_of_treatment::date AS date_of_treatment, COUNT(*) AS dog_count
FROM bench_nvbench_dog_kennels.dogs AS T1
JOIN bench_nvbench_dog_kennels.treatments AS T2 ON T1.dog_id = T2.dog_id
WHERE T1.breed_code = (
  SELECT breed_code
  FROM bench_nvbench_dog_kennels.dogs
  GROUP BY breed_code
  ORDER BY COUNT(*) ASC, breed_code ASC
  LIMIT 1
)
GROUP BY T2.date_of_treatment::date
ORDER BY date_of_treatment;","{""chart"":""bar"",""x_name"":""date_of_treatment"",""y_name"":""COUNT(date_of_treatment)"",""x_data"":[[""2018-03-08"",""2018-03-14"",""2018-03-15"",""2018-03-19""]],""y_data"":[[1,1,2,1]],""classify"":[],""describe"":""GROUP BY date_of_treatment""}",vegalite_to_echarts_semantic_equivalence,hard,"NVBench id=1156; hardness=Extra Hard; chart=Bar; conversions=none; Postgres SQL validated through dev Superset SQL Lab on 2026-06-15; expected_dataset_id uses dev Superset dataset IDs, semicolon-separated when the chart spans multiple physical tables"
nvbench_employee_hire_evaluation_01,2,chart,"Find the number of employees hired in each shop, and plot them as bar chart.","Visualize BAR SELECT Name , count(*) FROM hiring AS t1 JOIN shop AS t2 ON t1.shop_id = t2.shop_id GROUP BY t2.name",employee_hire_evaluation,89;90,count(*),Name,,,chart,Bar,"SELECT Name , count(*) FROM hiring AS t1 JOIN shop AS t2 ON t1.shop_id = t2.shop_id GROUP BY t2.name","SELECT Name , count(*) FROM hiring AS t1 JOIN shop AS t2 ON t1.shop_id = t2.shop_id GROUP BY t2.name;","SELECT t2.""Name"" AS shop_name, COUNT(*) AS employee_count
FROM bench_nvbench_employee_hire_evaluation.hiring AS t1
JOIN bench_nvbench_employee_hire_evaluation.shop AS t2 ON t1.""Shop_ID"" = t2.""Shop_ID""
GROUP BY t2.""Name""
ORDER BY t2.""Name"";","{""chart"":""bar"",""x_name"":""Name"",""y_name"":""count(*)"",""x_data"":[[""FC Haka"",""FC Inter"",""FC KooTeePee"",""FC Lahti"",""FF Jaro"",""HJK""]],""y_data"":[[2,1,1,1,1,1]],""classify"":[],""describe"":""""}",vegalite_to_echarts_semantic_equivalence,medium,"NVBench id=1329; hardness=Medium; chart=Bar; conversions=none; Postgres SQL validated through dev Superset SQL Lab on 2026-06-15; expected_dataset_id uses dev Superset dataset IDs, semicolon-separated when the chart spans multiple physical tables"
nvbench_employee_hire_evaluation_02,2,chart,Give me the trend about  Shop_ID over  Start_from .,"Visualize LINE SELECT Start_from , Shop_ID FROM hiring",employee_hire_evaluation,89,Shop_ID,Start_from,,No filter; x-axis Start_from,chart,Line,"SELECT Start_from , Shop_ID FROM hiring","SELECT Start_from , Shop_ID FROM hiring;","SELECT ""Start_from""::int AS start_year, ""Shop_ID"" AS shop_id
FROM bench_nvbench_employee_hire_evaluation.hiring
ORDER BY start_year;","{""chart"":""line"",""x_name"":""Start_from"",""y_name"":""Shop_ID"",""x_data"":[[""2009-01-01"",""2003-01-01"",""2011-01-01"",""2012-01-01"",""2013-01-01"",""2010-01-01"",""2008-01-01""]],""y_data"":[[1,1,8,4,5,2,6]],""classify"":[],""describe"":""""}",vegalite_to_echarts_semantic_equivalence,easy,"NVBench id=1338; hardness=Easy; chart=Line; conversions=none; Postgres SQL validated through dev Superset SQL Lab on 2026-06-15; expected_dataset_id uses dev Superset dataset IDs, semicolon-separated when the chart spans multiple physical tables"
nvbench_employee_hire_evaluation_03,2,chart,Visualize a pie chart about the proportion of  Is_full_time and the sum of Shop_ID.,"Visualize PIE SELECT Is_full_time , SUM(Shop_ID) FROM hiring GROUP BY Is_full_time",employee_hire_evaluation,89,SUM(Shop_ID),Is_full_time,,,chart,Pie,"SELECT Is_full_time , SUM(Shop_ID) FROM hiring GROUP BY Is_full_time","SELECT Is_full_time , SUM(Shop_ID) FROM hiring GROUP BY Is_full_time;","SELECT CASE WHEN ""Is_full_time"" THEN 'T' ELSE 'F' END AS is_full_time,
       SUM(""Shop_ID"") AS shop_id_sum
FROM bench_nvbench_employee_hire_evaluation.hiring
GROUP BY ""Is_full_time""
ORDER BY is_full_time;","{""chart"":""pie"",""x_name"":""Is_full_time"",""y_name"":""SUM(Shop_ID)"",""x_data"":[[""F"",""T""]],""y_data"":[[10,17]],""classify"":[],""describe"":""GROUP BY Is_full_time""}",vegalite_to_echarts_semantic_equivalence,easy,"NVBench id=1344; hardness=Easy; chart=Pie; conversions=none; Postgres SQL validated through dev Superset SQL Lab on 2026-06-15; expected_dataset_id uses dev Superset dataset IDs, semicolon-separated when the chart spans multiple physical tables"
nvbench_employee_hire_evaluation_04,2,chart,A scatter chart shows the correlation between  Shop_ID and  Employee_ID .,"Visualize SCATTER SELECT Shop_ID , Employee_ID FROM hiring",employee_hire_evaluation,89,Employee_ID,Shop_ID,,,chart,Scatter,"SELECT Shop_ID , Employee_ID FROM hiring","SELECT Shop_ID , Employee_ID FROM hiring;","SELECT ""Shop_ID"" AS shop_id, ""Employee_ID"" AS employee_id
FROM bench_nvbench_employee_hire_evaluation.hiring
ORDER BY ""Employee_ID"";","{""chart"":""scatter"",""x_name"":""Shop_ID"",""y_name"":""Employee_ID"",""x_data"":[[1,1,8,4,5,2,6]],""y_data"":[[1,2,3,4,5,6,7]],""classify"":[],""describe"":""""}",vegalite_to_echarts_semantic_equivalence,easy,"NVBench id=1357; hardness=Easy; chart=Scatter; conversions=none; Postgres SQL validated through dev Superset SQL Lab on 2026-06-15; expected_dataset_id uses dev Superset dataset IDs, semicolon-separated when the chart spans multiple physical tables"
nvbench_employee_hire_evaluation_05,2,chart,"Find  Start_from and the amount of Start_from , and group by attribute Is_full_time and bin start_from by weekday, and visualize them by a bar chart.","Visualize BAR SELECT Start_from , COUNT(Start_from) FROM hiring GROUP BY Is_full_time BIN Start_from BY WEEKDAY",employee_hire_evaluation,89,COUNT(Start_from),Start_from weekday;Is_full_time,,No filter; bin Start_from by weekday,chart,Stacked Bar,"SELECT Start_from , COUNT(Start_from) FROM hiring GROUP BY Is_full_time","SELECT Start_from , COUNT(Start_from) FROM hiring GROUP BY Is_full_time;","SELECT CASE WHEN ""Is_full_time"" THEN 'T' ELSE 'F' END AS is_full_time,
       EXTRACT(ISODOW FROM MAKE_DATE(""Start_from""::int, 1, 1))::int AS start_weekday,
       TO_CHAR(MAKE_DATE(""Start_from""::int, 1, 1), 'Dy') AS start_weekday_name,
       COUNT(""Start_from"") AS start_count
FROM bench_nvbench_employee_hire_evaluation.hiring
GROUP BY ""Is_full_time"",
         EXTRACT(ISODOW FROM MAKE_DATE(""Start_from""::int, 1, 1))::int,
         TO_CHAR(MAKE_DATE(""Start_from""::int, 1, 1), 'Dy')
ORDER BY is_full_time, start_weekday;","{""chart"":""bar"",""x_name"":""Start_from"",""y_name"":""COUNT(Start_from)"",""x_data"":[[""Mon"",""Tue"",""Wed"",""Thur"",""Fri"",""Sat"",""Sun""]],""y_data"":[[0,0,0,0,1,1,0],[0,2,1,1,0,0,1]],""classify"":[""F"",""T""],""describe"":""GROUP BY Is_full_time, BIN Start_from BY WEEKDAY""}",vegalite_to_echarts_semantic_equivalence,hard,"NVBench id=1330; hardness=Hard; chart=Stacked Bar; conversions=none; Postgres SQL validated through dev Superset SQL Lab on 2026-06-15; expected_dataset_id uses dev Superset dataset IDs, semicolon-separated when the chart spans multiple physical tables"
nvbench_employee_hire_evaluation_06,2,chart,"Draw a line chart about the change of the amount of Start_from over  Start_from , and group by attribute Is_full_time and bin start_from by time.","Visualize LINE SELECT Start_from , COUNT(Start_from) FROM hiring GROUP BY Is_full_time BIN Start_from BY YEAR",employee_hire_evaluation,89,COUNT(Start_from),Start_from year;Is_full_time,,No filter; bin Start_from by year,chart,Grouping Line,"SELECT Start_from , COUNT(Start_from) FROM hiring GROUP BY Is_full_time","SELECT Start_from , COUNT(Start_from) FROM hiring GROUP BY Is_full_time;","SELECT CASE WHEN ""Is_full_time"" THEN 'T' ELSE 'F' END AS is_full_time,
       ""Start_from""::int AS start_year,
       COUNT(""Start_from"") AS start_count
FROM bench_nvbench_employee_hire_evaluation.hiring
GROUP BY ""Is_full_time"", ""Start_from""::int
ORDER BY is_full_time, start_year;","{""chart"":""line"",""x_name"":""Start_from"",""y_name"":""COUNT(Start_from)"",""x_data"":[[""2003"",""2004"",""2005"",""2006"",""2007"",""2008"",""2009"",""2010"",""2011"",""2012"",""2013""]],""y_data"":[[1,0,0,0,0,1,1,2,2,1,1],[2,0,0,0,0,2,2,2,2,2,2]],""classify"":[""F"",""T""],""describe"":""GROUP BY Is_full_time, BIN Start_from BY YEAR""}",vegalite_to_echarts_semantic_equivalence,hard,"NVBench id=1349; hardness=Hard; chart=Grouping Line; conversions=none; Postgres SQL validated through dev Superset SQL Lab on 2026-06-15; expected_dataset_id uses dev Superset dataset IDs, semicolon-separated when the chart spans multiple physical tables"
nvbench_cre_Docs_and_Epenses_01,2,chart,Show budget type codes and the number of documents in each budget type with a bar chart.,"Visualize BAR SELECT Budget_Type_Code , count(*) FROM Documents_with_expenses GROUP BY budget_type_code",cre_Docs_and_Epenses,93,count(*),Budget_Type_Code,,,chart,Bar,"SELECT Budget_Type_Code , count(*) FROM Documents_with_expenses GROUP BY budget_type_code","SELECT Budget_Type_Code , count(*) FROM Documents_with_expenses GROUP BY budget_type_code;","SELECT ""Budget_Type_Code"" AS budget_type_code, COUNT(*) AS document_count
FROM bench_nvbench_cre_docs_and_expenses.documents_with_expenses
GROUP BY ""Budget_Type_Code""
ORDER BY ""Budget_Type_Code"";","{""chart"":""bar"",""x_name"":""Budget_Type_Code"",""y_name"":""count(*)"",""x_data"":[[""GV"",""ORG"",""SF""]],""y_data"":[[6,2,2]],""classify"":[],""describe"":""""}",vegalite_to_echarts_semantic_equivalence,easy,"NVBench id=803; hardness=Easy; chart=Bar; conversions=none; Postgres SQL validated through dev Superset SQL Lab on 2026-06-15; expected_dataset_id uses dev Superset dataset IDs, semicolon-separated when the chart spans multiple physical tables"
nvbench_cre_Docs_and_Epenses_02,2,chart,How many documents are created in each day? Bin the document date by year interval with a line chart.,"Visualize LINE SELECT Document_Date , COUNT(Document_Date) FROM Ref_document_types AS T1 JOIN Documents AS T2 ON T1.document_type_code = T2.document_type_code BIN Document_Date BY YEAR",cre_Docs_and_Epenses,96;92,COUNT(Document_Date),Document_Date year interval,,No filter; bin Document_Date by year interval,chart,Line,"SELECT Document_Date , COUNT(Document_Date) FROM Ref_document_types AS T1 JOIN Documents AS T2 ON T1.document_type_code = T2.document_type_code","SELECT Document_Date , COUNT(Document_Date) FROM Ref_document_types AS T1 JOIN Documents AS T2 ON T1.document_type_code = T2.document_type_code;","SELECT (1970 + FLOOR((EXTRACT(YEAR FROM T2.""Document_Date"")::int - 1970) / 4.0)::int * 4) AS document_year_start,
       COUNT(T2.""Document_Date"") AS document_count
FROM bench_nvbench_cre_docs_and_expenses.ref_document_types AS T1
JOIN bench_nvbench_cre_docs_and_expenses.documents AS T2 ON T1.""Document_Type_Code"" = T2.""Document_Type_Code""
GROUP BY document_year_start
ORDER BY document_year_start;","{""chart"":""line"",""x_name"":""Document_Date"",""y_name"":""COUNT(Document_Date)"",""x_data"":[[""1970~1973"",""1974~1977"",""1978~1981"",""1982~1985"",""1986~1989"",""1990~1993"",""1994~1997"",""1998~2001"",""2002~2005"",""2006~2009"",""2010~2013""]],""y_data"":[[4,1,3,1,0,1,0,0,2,1,2]],""classify"":[],""describe"":""BIN Document_Date BY YEAR""}",vegalite_to_echarts_semantic_equivalence,medium,"NVBench id=846; hardness=Medium; chart=Line; conversions=none; Postgres SQL validated through dev Superset SQL Lab on 2026-06-15; expected_dataset_id uses dev Superset dataset IDs, semicolon-separated when the chart spans multiple physical tables"
nvbench_cre_Docs_and_Epenses_03,2,chart,Show budget type codes and the number of documents in each budget type by a pie chart.,"Visualize PIE SELECT Budget_Type_Code , count(*) FROM Documents_with_expenses GROUP BY budget_type_code",cre_Docs_and_Epenses,93,count(*),Budget_Type_Code,,,chart,Pie,"SELECT Budget_Type_Code , count(*) FROM Documents_with_expenses GROUP BY budget_type_code","SELECT Budget_Type_Code , count(*) FROM Documents_with_expenses GROUP BY budget_type_code;","SELECT ""Budget_Type_Code"" AS budget_type_code, COUNT(*) AS document_count
FROM bench_nvbench_cre_docs_and_expenses.documents_with_expenses
GROUP BY ""Budget_Type_Code""
ORDER BY ""Budget_Type_Code"";","{""chart"":""pie"",""x_name"":""Budget_Type_Code"",""y_name"":""count(*)"",""x_data"":[[""GV"",""ORG"",""SF""]],""y_data"":[[6,2,2]],""classify"":[],""describe"":""""}",vegalite_to_echarts_semantic_equivalence,easy,"NVBench id=802; hardness=Easy; chart=Pie; conversions=none; Postgres SQL validated through dev Superset SQL Lab on 2026-06-15; expected_dataset_id uses dev Superset dataset IDs, semicolon-separated when the chart spans multiple physical tables"
nvbench_cre_Docs_and_Epenses_04,2,chart,Show the correlation between statement id and account detail in a scatter chart.,"Visualize SCATTER SELECT T1.Statement_ID , T1.Account_Details FROM Accounts AS T1 JOIN Statements AS T2 ON T1.statement_id = T2.statement_id",cre_Docs_and_Epenses,91;97,Account_Details,Statement_ID,,,chart,Scatter,"SELECT T1.Statement_ID , T1.Account_Details FROM Accounts AS T1 JOIN Statements AS T2 ON T1.statement_id = T2.statement_id","SELECT T1.Statement_ID , T1.Account_Details FROM Accounts AS T1 JOIN Statements AS T2 ON T1.statement_id = T2.statement_id;","SELECT T1.statement_id, T1.account_details::numeric AS account_details
FROM bench_nvbench_cre_docs_and_expenses.accounts AS T1
JOIN bench_nvbench_cre_docs_and_expenses.statements AS T2 ON T1.statement_id = T2.""Statement_ID""
ORDER BY T1.account_id;","{""chart"":""scatter"",""x_name"":""Statement_ID"",""y_name"":""Account_Details"",""x_data"":[[57,57,57,57,192,57,192,192,57,57,192,192,57,57,192]],""y_data"":[[495.06300000000005,930.14,6035.84,199.52,12223.93,11130.23,1230.454,6352.31,147.96,187.14,745.817,127.9,25.41,1168.32,658.26]],""classify"":[],""describe"":""""}",vegalite_to_echarts_semantic_equivalence,easy,"NVBench id=819; hardness=Easy; chart=Scatter; conversions=account_details cast to numeric for Superset scatter execution; Postgres SQL validated through dev Superset SQL Lab on 2026-06-15; expected_dataset_id uses dev Superset dataset IDs, semicolon-separated when the chart spans multiple physical tables"
nvbench_cre_Docs_and_Epenses_05,2,chart,How many documents are created in each day? Bin the document date by weekday and group by document type with a stacked bar chart.,"Visualize BAR SELECT Document_Date , COUNT(Document_Date) FROM Ref_document_types AS T1 JOIN Documents AS T2 ON T1.document_type_code = T2.document_type_code GROUP BY Document_Type_Name BIN Document_Date BY WEEKDAY",cre_Docs_and_Epenses,96;92,COUNT(Document_Date),Document_Date weekday;Document_Type_Name,,No filter; bin Document_Date by weekday,chart,Stacked Bar,"SELECT Document_Date , COUNT(Document_Date) FROM Ref_document_types AS T1 JOIN Documents AS T2 ON T1.document_type_code = T2.document_type_code GROUP BY Document_Type_Name","SELECT Document_Date , COUNT(Document_Date) FROM Ref_document_types AS T1 JOIN Documents AS T2 ON T1.document_type_code = T2.document_type_code GROUP BY Document_Type_Name;","SELECT T1.""Document_Type_Name"" AS document_type_name,
       EXTRACT(ISODOW FROM T2.""Document_Date"")::int AS document_weekday,
       TO_CHAR(T2.""Document_Date"", 'Dy') AS document_weekday_name,
       COUNT(T2.""Document_Date"") AS document_count
FROM bench_nvbench_cre_docs_and_expenses.ref_document_types AS T1
JOIN bench_nvbench_cre_docs_and_expenses.documents AS T2 ON T1.""Document_Type_Code"" = T2.""Document_Type_Code""
GROUP BY T1.""Document_Type_Name"", EXTRACT(ISODOW FROM T2.""Document_Date"")::int, TO_CHAR(T2.""Document_Date"", 'Dy')
ORDER BY T1.""Document_Type_Name"", document_weekday;","{""chart"":""bar"",""x_name"":""Document_Date"",""y_name"":""COUNT(Document_Date)"",""x_data"":[[""Mon"",""Tue"",""Wed"",""Thur"",""Fri"",""Sat"",""Sun""]],""y_data"":[[1,0,1,1,1,0,2],[0,0,2,0,0,1,0],[0,0,1,0,0,0,0],[0,0,1,1,2,1,0]],""classify"":[""Book"",""CV"",""Film"",""Paper""],""describe"":""GROUP BY Document_Type_Name, BIN Document_Date BY WEEKDAY""}",vegalite_to_echarts_semantic_equivalence,hard,"NVBench id=849; hardness=Extra Hard; chart=Stacked Bar; conversions=none; Postgres SQL validated through dev Superset SQL Lab on 2026-06-15; expected_dataset_id uses dev Superset dataset IDs, semicolon-separated when the chart spans multiple physical tables"
nvbench_cre_Docs_and_Epenses_06,2,chart,How many documents are created in each day? Bin the document date by year interval and group by document type with a group line chart.,"Visualize LINE SELECT Document_Date , COUNT(Document_Date) FROM Ref_document_types AS T1 JOIN Documents AS T2 ON T1.document_type_code = T2.document_type_code GROUP BY Document_Type_Name BIN Document_Date BY YEAR",cre_Docs_and_Epenses,96;92,COUNT(Document_Date),Document_Date year interval;Document_Type_Name,,No filter; bin Document_Date by year interval,chart,Grouping Line,"SELECT Document_Date , COUNT(Document_Date) FROM Ref_document_types AS T1 JOIN Documents AS T2 ON T1.document_type_code = T2.document_type_code GROUP BY Document_Type_Name","SELECT Document_Date , COUNT(Document_Date) FROM Ref_document_types AS T1 JOIN Documents AS T2 ON T1.document_type_code = T2.document_type_code GROUP BY Document_Type_Name;","SELECT T1.""Document_Type_Name"" AS document_type_name,
       (1970 + FLOOR((EXTRACT(YEAR FROM T2.""Document_Date"")::int - 1970) / 4.0)::int * 4) AS document_year_start,
       COUNT(T2.""Document_Date"") AS document_count
FROM bench_nvbench_cre_docs_and_expenses.ref_document_types AS T1
JOIN bench_nvbench_cre_docs_and_expenses.documents AS T2 ON T1.""Document_Type_Code"" = T2.""Document_Type_Code""
GROUP BY T1.""Document_Type_Name"", document_year_start
ORDER BY T1.""Document_Type_Name"", document_year_start;","{""chart"":""line"",""x_name"":""Document_Date"",""y_name"":""COUNT(Document_Date)"",""x_data"":[[""1970~1973"",""1974~1977"",""1978~1981"",""1982~1985"",""1986~1989"",""1990~1993"",""1994~1997"",""1998~2001"",""2002~2005"",""2006~2009"",""2010~2013""]],""y_data"":[[6,1,5,1,0,2,0,0,2,1,3],[6,1,6,2,0,2,0,0,3,1,3],[6,1,6,2,0,2,0,0,3,2,3],[8,2,6,2,0,2,0,0,4,2,4]],""classify"":[""Book"",""CV"",""Film"",""Paper""],""describe"":""GROUP BY Document_Type_Name, BIN Document_Date BY YEAR""}",vegalite_to_echarts_semantic_equivalence,hard,"NVBench id=848; hardness=Extra Hard; chart=Grouping Line; conversions=none; Postgres SQL validated through dev Superset SQL Lab on 2026-06-15; expected_dataset_id uses dev Superset dataset IDs, semicolon-separated when the chart spans multiple physical tables"
nvbench_behavior_monitoring_01,2,chart,"Find the number of the dates of assessment notes for students with first name ""Fanny"".","Visualize BAR SELECT date_of_notes , COUNT(date_of_notes) FROM Assessment_Notes AS T1 JOIN Students AS T2 ON T1.student_id = T2.student_id WHERE T2.first_name = ""Fanny"" BIN date_of_notes BY YEAR",behavior_monitoring,99;106,COUNT(date_of_notes),date_of_notes year,first_name = 'Fanny',No filter; bin date_of_notes by year,chart,Bar,"SELECT date_of_notes , COUNT(date_of_notes) FROM Assessment_Notes AS T1 JOIN Students AS T2 ON T1.student_id = T2.student_id WHERE T2.first_name = ""Fanny""","SELECT date_of_notes , COUNT(date_of_notes) FROM Assessment_Notes AS T1 JOIN Students AS T2 ON T1.student_id = T2.student_id WHERE T2.first_name = ""Fanny"";","SELECT EXTRACT(YEAR FROM T1.date_of_notes)::int AS note_year, COUNT(T1.date_of_notes) AS note_count
FROM bench_nvbench_behavior_monitoring.assessment_notes AS T1
JOIN bench_nvbench_behavior_monitoring.students AS T2 ON T1.student_id = T2.student_id
WHERE T2.first_name = 'Fanny'
GROUP BY note_year
ORDER BY note_year;","{""chart"":""bar"",""x_name"":""date_of_notes"",""y_name"":""COUNT(date_of_notes)"",""x_data"":[[""1972"",""1973"",""1974""]],""y_data"":[[1,0,1]],""classify"":[],""describe"":""BIN date_of_notes BY YEAR""}",vegalite_to_echarts_semantic_equivalence,hard,"NVBench id=184; hardness=Hard; chart=Bar; conversions=none; Postgres SQL validated through dev Superset SQL Lab on 2026-06-15; expected_dataset_id uses dev Superset dataset IDs, semicolon-separated when the chart spans multiple physical tables"
nvbench_behavior_monitoring_02,2,chart,A line chart for what are the number of the dates of the assessment notes?,"Visualize LINE SELECT date_of_notes , COUNT(date_of_notes) FROM Assessment_Notes BIN date_of_notes BY YEAR",behavior_monitoring,99,COUNT(date_of_notes),date_of_notes year interval,,No filter; bin date_of_notes by year interval,chart,Line,"SELECT date_of_notes , COUNT(date_of_notes) FROM Assessment_Notes","SELECT date_of_notes , COUNT(date_of_notes) FROM Assessment_Notes;","SELECT (1971 + FLOOR((EXTRACT(YEAR FROM date_of_notes)::int - 1971) / 5.0)::int * 5) AS note_year_start,
       COUNT(date_of_notes) AS note_count
FROM bench_nvbench_behavior_monitoring.assessment_notes
GROUP BY note_year_start
ORDER BY note_year_start;","{""chart"":""line"",""x_name"":""date_of_notes"",""y_name"":""COUNT(date_of_notes)"",""x_data"":[[""1971~1975"",""1976~1980"",""1981~1985"",""1986~1990"",""1991~1995"",""1996~2000"",""2001~2005"",""2006~2010"",""2011~2015"",""2016~2017""]],""y_data"":[[3,1,2,2,3,0,1,0,2,1]],""classify"":[],""describe"":""BIN date_of_notes BY YEAR""}",vegalite_to_echarts_semantic_equivalence,easy,"NVBench id=188; hardness=Easy; chart=Line; conversions=none; Postgres SQL validated through dev Superset SQL Lab on 2026-06-15; expected_dataset_id uses dev Superset dataset IDs, semicolon-separated when the chart spans multiple physical tables"
nvbench_behavior_monitoring_03,2,chart,"For the attribute  other_details and the amount of other_details, show their proportion by a pie chart.","Visualize PIE SELECT other_details , COUNT(other_details) FROM Student_Addresses GROUP BY other_details ORDER BY monthly_rental DESC",behavior_monitoring,105,COUNT(other_details),other_details,,,chart,Pie,"SELECT other_details , COUNT(other_details) FROM Student_Addresses GROUP BY other_details ORDER BY monthly_rental DESC","SELECT other_details , COUNT(other_details) FROM Student_Addresses GROUP BY other_details ORDER BY monthly_rental DESC;","SELECT other_details, COUNT(other_details) AS address_count
FROM bench_nvbench_behavior_monitoring.student_addresses
GROUP BY other_details
ORDER BY address_count DESC, other_details;","{""chart"":""pie"",""x_name"":""other_details"",""y_name"":""COUNT(other_details)"",""x_data"":[[""apartment"",""house""]],""y_data"":[[7,13]],""classify"":[],""describe"":""GROUP BY other_details""}",vegalite_to_echarts_semantic_equivalence,medium,"NVBench id=250; hardness=Medium; chart=Pie; conversions=none; Postgres SQL validated through dev Superset SQL Lab on 2026-06-15; expected_dataset_id uses dev Superset dataset IDs, semicolon-separated when the chart spans multiple physical tables"
nvbench_behavior_monitoring_04,2,chart,Draw a scatter chart about the correlation between  student_id and  address_id .,"Visualize SCATTER SELECT student_id , address_id FROM Student_Addresses ORDER BY monthly_rental DESC",behavior_monitoring,105,address_id,student_id,,,chart,Scatter,"SELECT student_id , address_id FROM Student_Addresses ORDER BY monthly_rental DESC","SELECT student_id , address_id FROM Student_Addresses ORDER BY monthly_rental DESC;","SELECT student_id, address_id
FROM bench_nvbench_behavior_monitoring.student_addresses
ORDER BY monthly_rental DESC;","{""chart"":""scatter"",""x_name"":""student_id"",""y_name"":""address_id"",""x_data"":[[13,8,2,4,3,7,5,12,15,1,7,2,6,2,4,11,8,9,13,10]],""y_data"":[[16,1,8,2,18,13,13,10,1,5,3,8,12,3,1,12,16,9,19,18]],""classify"":[],""describe"":""""}",vegalite_to_echarts_semantic_equivalence,easy,"NVBench id=274; hardness=Easy; chart=Scatter; conversions=none; Postgres SQL validated through dev Superset SQL Lab on 2026-06-15; expected_dataset_id uses dev Superset dataset IDs, semicolon-separated when the chart spans multiple physical tables"
nvbench_behavior_monitoring_05,2,chart,"Show me about the distribution of  date_address_to and the amount of date_address_to , and group by attribute other_details and bin date_address_to by time in a bar chart.","Visualize BAR SELECT date_address_to , COUNT(date_address_to) FROM Student_Addresses GROUP BY other_details ORDER BY monthly_rental DESC BIN date_address_to BY MONTH",behavior_monitoring,105,COUNT(date_address_to),date_address_to month;other_details,,No filter; bin date_address_to by month,chart,Stacked Bar,"SELECT date_address_to , COUNT(date_address_to) FROM Student_Addresses GROUP BY other_details ORDER BY monthly_rental DESC","SELECT date_address_to , COUNT(date_address_to) FROM Student_Addresses GROUP BY other_details ORDER BY monthly_rental DESC;","SELECT other_details,
       EXTRACT(MONTH FROM date_address_to)::int AS address_to_month,
       TO_CHAR(date_address_to, 'Mon') AS address_to_month_name,
       COUNT(date_address_to) AS address_to_count
FROM bench_nvbench_behavior_monitoring.student_addresses
GROUP BY other_details, EXTRACT(MONTH FROM date_address_to)::int, TO_CHAR(date_address_to, 'Mon')
ORDER BY other_details, address_to_month;","{""chart"":""bar"",""x_name"":""date_address_to"",""y_name"":""COUNT(date_address_to)"",""x_data"":[[""Feb"",""Mar""]],""y_data"":[[3,24],[4,36]],""classify"":[""apartment"",""house""],""describe"":""GROUP BY other_details, BIN date_address_to BY MONTH""}",vegalite_to_echarts_semantic_equivalence,hard,"NVBench id=189; hardness=Extra Hard; chart=Stacked Bar; conversions=none; Postgres SQL validated through dev Superset SQL Lab on 2026-06-15; expected_dataset_id uses dev Superset dataset IDs, semicolon-separated when the chart spans multiple physical tables"
nvbench_behavior_monitoring_06,2,chart,"Show me the trend about the average of monthly_rental over  date_address_to , and group by attribute other_details with a line chart.","Visualize LINE SELECT date_address_to , AVG(monthly_rental) FROM Student_Addresses GROUP BY other_details ,  date_address_to ORDER BY monthly_rental DESC",behavior_monitoring,105,AVG(monthly_rental),date_address_to;other_details,,,chart,Grouping Line,"SELECT date_address_to , AVG(monthly_rental) FROM Student_Addresses GROUP BY other_details ,  date_address_to ORDER BY monthly_rental DESC","SELECT date_address_to , AVG(monthly_rental) FROM Student_Addresses GROUP BY other_details ,  date_address_to ORDER BY monthly_rental DESC;","SELECT other_details, date_address_to::date AS date_address_to, AVG(monthly_rental) AS avg_monthly_rental
FROM bench_nvbench_behavior_monitoring.student_addresses
GROUP BY other_details, date_address_to::date
ORDER BY other_details, date_address_to;","{""chart"":""line"",""x_name"":""date_address_to"",""y_name"":""AVG(monthly_rental)"",""x_data"":[[""2018-02-25"",""2018-02-27"",""2018-03-02"",""2018-03-04"",""2018-03-05"",""2018-03-06"",""2018-03-07"",""2018-03-12"",""2018-03-14"",""2018-03-15"",""2018-03-18"",""2018-03-20"",""2018-03-22"",""2018-03-23""]],""y_data"":[[1297,0,0,644,1032,0,0,1297,1021.5,1032,0,0,0,0],[0,747,1113,857,0,800,865,679,0,826,620,1287,1067,894]],""classify"":[""apartment"",""house""],""describe"":""GROUP BY other_details, GROUP BY date_address_to""}",vegalite_to_echarts_semantic_equivalence,hard,"NVBench id=241; hardness=Hard; chart=Grouping Line; conversions=none; Postgres SQL validated through dev Superset SQL Lab on 2026-06-15; expected_dataset_id uses dev Superset dataset IDs, semicolon-separated when the chart spans multiple physical tables"
nvbench_customers_and_invoices_01,2,chart,Show the number of accounts in a bar chart that groups by other account details.,"Visualize BAR SELECT other_account_details , COUNT(other_account_details) FROM Accounts GROUP BY other_account_details",customers_and_invoices,109,COUNT(other_account_details),other_account_details,,,chart,Bar,"SELECT other_account_details , COUNT(other_account_details) FROM Accounts GROUP BY other_account_details","SELECT other_account_details , COUNT(other_account_details) FROM Accounts GROUP BY other_account_details;","SELECT other_account_details, COUNT(other_account_details) AS account_count
FROM bench_nvbench_customers_and_invoices.accounts
GROUP BY other_account_details
ORDER BY other_account_details;","{""chart"":""bar"",""x_name"":""other_account_details"",""y_name"":""COUNT(other_account_details)"",""x_data"":[[""Regular"",""VIP""]],""y_data"":[[8,7]],""classify"":[],""describe"":""GROUP BY other_account_details""}",vegalite_to_echarts_semantic_equivalence,easy,"NVBench id=926; hardness=Easy; chart=Bar; conversions=none; Postgres SQL validated through dev Superset SQL Lab on 2026-06-15; expected_dataset_id uses dev Superset dataset IDs, semicolon-separated when the chart spans multiple physical tables"
nvbench_customers_and_invoices_02,2,chart,Show the number of accounts opened in each year for all accounts in a line chart.,"Visualize LINE SELECT date_account_opened , COUNT(date_account_opened) FROM Accounts BIN date_account_opened BY YEAR",customers_and_invoices,109,COUNT(date_account_opened),date_account_opened year,,No filter; bin date_account_opened by year,chart,Line,"SELECT date_account_opened , COUNT(date_account_opened) FROM Accounts","SELECT date_account_opened , COUNT(date_account_opened) FROM Accounts;","SELECT EXTRACT(YEAR FROM date_account_opened)::int AS account_open_year, COUNT(date_account_opened) AS account_count
FROM bench_nvbench_customers_and_invoices.accounts
GROUP BY account_open_year
ORDER BY account_open_year;","{""chart"":""line"",""x_name"":""date_account_opened"",""y_name"":""COUNT(date_account_opened)"",""x_data"":[[""2008"",""2009"",""2010"",""2011"",""2012"",""2013"",""2014"",""2015"",""2016"",""2017""]],""y_data"":[[1,1,2,1,2,0,3,2,2,1]],""classify"":[],""describe"":""BIN date_account_opened BY YEAR""}",vegalite_to_echarts_semantic_equivalence,easy,"NVBench id=953; hardness=Easy; chart=Line; conversions=none; Postgres SQL validated through dev Superset SQL Lab on 2026-06-15; expected_dataset_id uses dev Superset dataset IDs, semicolon-separated when the chart spans multiple physical tables"
nvbench_customers_and_invoices_03,2,chart,Show the number of accounts in a pie chart that groups by other account details.,"Visualize PIE SELECT other_account_details , COUNT(other_account_details) FROM Accounts GROUP BY other_account_details",customers_and_invoices,109,COUNT(other_account_details),other_account_details,,,chart,Pie,"SELECT other_account_details , COUNT(other_account_details) FROM Accounts GROUP BY other_account_details","SELECT other_account_details , COUNT(other_account_details) FROM Accounts GROUP BY other_account_details;","SELECT other_account_details, COUNT(other_account_details) AS account_count
FROM bench_nvbench_customers_and_invoices.accounts
GROUP BY other_account_details
ORDER BY other_account_details;","{""chart"":""pie"",""x_name"":""other_account_details"",""y_name"":""COUNT(other_account_details)"",""x_data"":[[""Regular"",""VIP""]],""y_data"":[[8,7]],""classify"":[],""describe"":""GROUP BY other_account_details""}",vegalite_to_echarts_semantic_equivalence,easy,"NVBench id=939; hardness=Easy; chart=Pie; conversions=none; Postgres SQL validated through dev Superset SQL Lab on 2026-06-15; expected_dataset_id uses dev Superset dataset IDs, semicolon-separated when the chart spans multiple physical tables"
nvbench_customers_and_invoices_04,2,chart,Show the number of customers for each gender in a scatter chart,"Visualize SCATTER SELECT gender , count(*) FROM Customers GROUP BY gender",customers_and_invoices,110,count(*),gender,,,chart,Scatter,"SELECT gender , count(*) FROM Customers GROUP BY gender","SELECT gender , count(*) FROM Customers GROUP BY gender;","SELECT gender, COUNT(*) AS customer_count
FROM bench_nvbench_customers_and_invoices.customers
GROUP BY gender
ORDER BY gender;","{""chart"":""scatter"",""x_name"":""gender"",""y_name"":""count(*)"",""x_data"":[[0,1]],""y_data"":[[9,6]],""classify"":[],""describe"":""""}",vegalite_to_echarts_semantic_equivalence,easy,"NVBench id=925; hardness=Easy; chart=Scatter; conversions=none; Postgres SQL validated through dev Superset SQL Lab on 2026-06-15; expected_dataset_id uses dev Superset dataset IDs, semicolon-separated when the chart spans multiple physical tables"
nvbench_customers_and_invoices_05,2,chart,Show the number of accounts opened in each day. Bin the account open day by weekday and group by other account details in a stacked bar chart.,"Visualize BAR SELECT date_account_opened , COUNT(date_account_opened) FROM Accounts GROUP BY other_account_details BIN date_account_opened BY WEEKDAY",customers_and_invoices,109,COUNT(date_account_opened),date_account_opened weekday;other_account_details,,No filter; bin date_account_opened by weekday,chart,Stacked Bar,"SELECT date_account_opened , COUNT(date_account_opened) FROM Accounts GROUP BY other_account_details","SELECT date_account_opened , COUNT(date_account_opened) FROM Accounts GROUP BY other_account_details;","SELECT other_account_details,
       EXTRACT(ISODOW FROM date_account_opened)::int AS account_open_weekday,
       TO_CHAR(date_account_opened, 'Dy') AS account_open_weekday_name,
       COUNT(date_account_opened) AS account_count
FROM bench_nvbench_customers_and_invoices.accounts
GROUP BY other_account_details, EXTRACT(ISODOW FROM date_account_opened)::int, TO_CHAR(date_account_opened, 'Dy')
ORDER BY other_account_details, account_open_weekday;","{""chart"":""bar"",""x_name"":""date_account_opened"",""y_name"":""COUNT(date_account_opened)"",""x_data"":[[""Mon"",""Tue"",""Wed"",""Thur"",""Fri"",""Sat"",""Sun""]],""y_data"":[[2,0,1,0,3,2,0],[3,2,0,0,0,0,2]],""classify"":[""Regular"",""VIP""],""describe"":""GROUP BY other_account_details, BIN date_account_opened BY WEEKDAY""}",vegalite_to_echarts_semantic_equivalence,hard,"NVBench id=927; hardness=Hard; chart=Stacked Bar; conversions=none; Postgres SQL validated through dev Superset SQL Lab on 2026-06-15; expected_dataset_id uses dev Superset dataset IDs, semicolon-separated when the chart spans multiple physical tables"
nvbench_customers_and_invoices_06,2,chart,Show the number of accounts opened in each year for all accounts and group by other account details in a group line chart.,"Visualize LINE SELECT date_account_opened , COUNT(date_account_opened) FROM Accounts GROUP BY other_account_details BIN date_account_opened BY YEAR",customers_and_invoices,109,COUNT(date_account_opened),date_account_opened year;other_account_details,,No filter; bin date_account_opened by year,chart,Grouping Line,"SELECT date_account_opened , COUNT(date_account_opened) FROM Accounts GROUP BY other_account_details","SELECT date_account_opened , COUNT(date_account_opened) FROM Accounts GROUP BY other_account_details;","SELECT other_account_details,
       EXTRACT(YEAR FROM date_account_opened)::int AS account_open_year,
       COUNT(date_account_opened) AS account_count
FROM bench_nvbench_customers_and_invoices.accounts
GROUP BY other_account_details, EXTRACT(YEAR FROM date_account_opened)::int
ORDER BY other_account_details, account_open_year;","{""chart"":""line"",""x_name"":""date_account_opened"",""y_name"":""COUNT(date_account_opened)"",""x_data"":[[""2008"",""2009"",""2010"",""2011"",""2012"",""2013"",""2014"",""2015"",""2016"",""2017""]],""y_data"":[[1,2,4,1,3,0,5,3,3,1],[2,2,4,2,4,0,6,4,4,2]],""classify"":[""Regular"",""VIP""],""describe"":""GROUP BY other_account_details, BIN date_account_opened BY YEAR""}",vegalite_to_echarts_semantic_equivalence,hard,"NVBench id=942; hardness=Hard; chart=Grouping Line; conversions=none; Postgres SQL validated through dev Superset SQL Lab on 2026-06-15; expected_dataset_id uses dev Superset dataset IDs, semicolon-separated when the chart spans multiple physical tables"
self_financial_dashboard_01,3,dashboard,"Build a monthly executive overview dashboard for the lending portfolio in 1996. Include a KPI tile for total approved loan amount, a time-series chart of monthly approved loan count, a stacked bar showing loan status mix (finished OK / finished default / running OK / running in debt) by month, and a bar of average loan amount by duration bucket.","Loans are in `loan`; status codes A,B,C,D map to finished-OK / finished-default / running-OK / running-in-debt. Duration buckets use the `loan.duration` column (months: 12, 24, 36, 48, 60).",financial,,SUM(loan.amount); COUNT(loan.loan_id); AVG(loan.amount),loan.date (month grain); loan.status; loan.duration,EXTRACT(YEAR FROM CAST(loan.date AS DATE)) = 1996,"1996-01-01 to 1996-12-31, monthly",dashboard,kpi; line; stacked_bar; bar,,,,,rubric_dashboard,medium,"4 charts on one dashboard. Mostly aggregations on `loan` only; no joins required. Tests time-grain selection, KPI tile, categorical stacking, dimension bucketing."
self_financial_dashboard_02,3,dashboard,"Build a regional risk dashboard. For each of the eight Czech regions, show: number of clients, count of active loans (status C or D), default rate (B over A+B for finished loans), and average client salary at the region's branch. Use a regional choropleth-style table plus a horizontal bar of default rate.",Region is `district.A3`. Clients live in districts via `client.district_id`. Loans connect through client -> disp -> account -> loan. A11 is average salary.,financial,,"COUNT(DISTINCT client.client_id); COUNT(loan.loan_id) WHERE status IN ('C','D'); default_rate = COUNT(B) / COUNT(A or B); AVG(district.A11)",district.A3,status logic per metric,all-time (no temporal filter),dashboard,table; bar,,,,,rubric_dashboard,hard,"Multi-join across 4-5 tables. Tests metric-grounding for default_rate (a derived metric not present as a column), multi-chart layout, dimension agreement across charts."
self_financial_dashboard_03,3,dashboard,"Create a credit-card product overview dashboard. Show issuance volume by month (line, by card type), issued-card mix by type (pie), and the count of card-withdrawal transactions per month for 1997 (line) so we can see whether issuance leads transaction volume.","Card type is `card.type` (junior, classic, gold). Card-withdrawal transactions are `trans.operation = 'VYBER KARTOU'`. Issuance date is `card.issued`.",financial,,COUNT(card.card_id); COUNT(trans.trans_id) WHERE operation='VYBER KARTOU',card.issued (month grain); card.type; trans.date (month grain),trans line filtered to 1997,all card issuance; 1997 for transactions,dashboard,line; pie; line,,,,,rubric_dashboard,medium,Two different time-series share an x-axis convention. Tests the agent's ability to pick the right time grain and align two related but separate series on a dashboard.
self_financial_dashboard_04,3,dashboard,"Build a transaction-mix dashboard for account holders. Show: total transaction amount by transaction type (PRIJEM=credit / VYDAJ=withdrawal) per month for 1997-1998 (stacked bar), share of transactions by k_symbol purpose code (pie), and monthly trend of average balance after transaction (line).","trans.type encodes credit/withdrawal. trans.k_symbol is the purpose code; document SIPO=household, SLUZBY=service, POJISTNE=insurance, UVER=loan-payment. Balance is post-transaction account balance.",financial,,SUM(trans.amount) by type; COUNT(trans.trans_id) by k_symbol; AVG(trans.balance),trans.date (month); trans.type; trans.k_symbol,"EXTRACT(YEAR FROM CAST(trans.date AS DATE)) IN (1997, 1998)",1997-01..1998-12 monthly,dashboard,stacked_bar; pie; line,,,,,rubric_dashboard,medium,"Tests handling of large fact table (1M rows) for monthly aggregates, NULL handling on k_symbol, and category encoding."
self_financial_dashboard_05,3,dashboard,"Create a client-demographics dashboard. Show a histogram of client age (in years; ages computed against 1998-12-31 as the reference date), a gender breakdown bar, an age-vs-loan-size scatter for clients who hold loans, and a table of the top 10 districts by client count.",Age = year_of('1998-12-31') - year_of(client.birth_date). Loan size joins through disp -> account -> loan.,financial,,COUNT(client.client_id); loan.amount per loan-holding client,age bucket; client.gender; district.A2,loan-holding clients only for the scatter,age computed to 1998-12-31,dashboard,histogram; bar; scatter; table,,,,,rubric_dashboard,hard,"Tests derived-column construction (age), multi-table join for scatter, and dashboard-level mix of distribution and ranking."
self_financial_dashboard_06,3,dashboard,"Build a quarterly transaction-volume dashboard for each of the five largest districts (by inhabitants A4). Show one line chart per district plus a combined bar comparing total quarterly transaction amount across the five districts in 1997, in a 2x3 grid layout.",Inhabitants is `district.A4` (TEXT in BIRD; cast to integer). Transactions join through district -> account -> trans.,financial,,SUM(trans.amount); COUNT(trans.trans_id),trans.date (quarter grain); district.A2 for the five selected districts,"EXTRACT(YEAR FROM CAST(trans.date AS DATE)) = 1997; top-5 districts by CAST(district.""A4"" AS INTEGER)",1997 Q1..Q4,dashboard,line; bar,,,,,rubric_dashboard,hard,Layout instruction (2x3 grid). Top-N selection has to happen at planning time; quarter grain not directly in schema.
self_financial_dashboard_07,3,dashboard,"Build a loan-portfolio aging dashboard for 1998. Slice loans by status, by duration bucket (12 / 24 / 36 / 48 / 60 months), and by approval cohort year. Include: stacked bar of loan count by status x cohort, table of average loan amount by duration bucket and status, and a KPI for total approved amount for 1998.",Approval cohort year = EXTRACT(YEAR FROM CAST(loan.date AS DATE)). Status A/B/C/D as above. Duration is `loan.duration` (months).,financial,,COUNT(loan); AVG(loan.amount); SUM(loan.amount),loan.status; loan.duration; EXTRACT(YEAR FROM CAST(loan.date AS DATE)),for the KPI: EXTRACT(YEAR FROM CAST(loan.date AS DATE)) = 1998,all-time for charts; 1998 for KPI,dashboard,stacked_bar; pivot_table; kpi,,,,,rubric_dashboard,medium,Three different aggregations on the same table; agent must not duplicate-create the dataset.
self_financial_dashboard_08,3,dashboard,"Build a card-program acquisition dashboard. Show quarterly issuance trend by card type (gold / classic / junior, 1994-1998), a funnel chart from card issuance to first card-withdrawal transaction (counts of clients reaching each stage), and a KPI tile for the average days from card issuance to first card transaction.",First card-withdrawal: MIN(trans.date) per client where trans.operation='VYBER KARTOU'. Days_to_first uses (first_trans_date - card.issued).,financial,,COUNT(card); funnel stage counts; AVG(CAST(first_trans AS DATE) - CAST(issued AS DATE)),card.issued (quarter); card.type,card.issued between 1994 and 1998,1994 Q1..1998 Q4,dashboard,line; funnel; big_number,,,,,rubric_dashboard,hard,Funnel + cohort thinking. PostgreSQL uses date subtraction; StarRocks uses DATEDIFF.
self_financial_dashboard_09,3,dashboard,"Create a household-payment risk dashboard. Show monthly total household-payment outflow (k_symbol='SIPO') for 1997-1998 (line), accounts whose household payments exceed twice their 1996 monthly average (table of account_id with the ratio), and a regional bar of total household-payment volume by region.",Household = trans.k_symbol='SIPO'. Region from district.A3 via account.district_id.,financial,,SUM(trans.amount); ratio_to_1996_baseline; SUM(trans.amount) by region,trans.date (month); account_id; district.A3,trans.k_symbol='SIPO',1996 baseline; 1997-1998 trend,dashboard,line; table; bar,,,,,rubric_dashboard,hard,Combines dashboard authoring with a baseline-ratio metric that requires a CTE / subquery over a different time range.
self_financial_dashboard_10,3,dashboard,"Build a 'new-account growth and quality' dashboard for Branch Manager review. Charts: monthly new-account openings (line, 1993-1998), share of new accounts by frequency preference (POPLATEK MESICNE / TYDNE / PO OBRATU), and a heatmap of new-account count by district x quarter for 1996. Add a KPI tile for total active accounts as of 1998-12-31.","New account opening date = account.date. Active = any transaction or loan record after the cutoff; for the KPI, use accounts with at least one trans on or before 1998-12-31.",financial,,COUNT(account); COUNT(account) by frequency; COUNT(DISTINCT account_id) over trans,account.date (month and quarter); frequency; district,for heatmap: EXTRACT(YEAR FROM CAST(account.date AS DATE)) = 1996,1993-1998 / 1996 for heatmap,dashboard,line; pie; heatmap; big_number,,,,,rubric_dashboard,hard,Heatmap is a layout the chart-param references must support. Tests dashboard composition with mixed time grains.
self_financial_analysis_01,3,analysis,Analyse the year-over-year change in total transaction amount from 1996 to 1997. Was the change driven mostly by transaction-count increase or by average-amount-per-transaction increase? Quantify each contribution.,trans.date covers 1993-1998. Decompose total = count * average. Compare 1996 totals against 1997 totals.,financial,,"SUM(amount), COUNT(*), AVG(amount) per year",trans.date (year),"EXTRACT(YEAR FROM CAST(trans.date AS DATE)) IN (1996, 1997)",1996 vs 1997 yearly,analysis_report,big_number_total; bar (decomposition),,,,,rubric_analysis,medium,"Tests period-over-period reasoning + multiplicative decomposition. Rubric scores: directionally-correct YoY, correct decomposition, evidence support."
self_financial_analysis_02,3,analysis,"Find the months in 1997 where total card-withdrawal (VYBER KARTOU) volume was at least 30% above the 1997 monthly average, and characterise what is unusual about those months (which districts contributed most, what card types).","Filter trans to operation='VYBER KARTOU' and EXTRACT(YEAR FROM CAST(trans.date AS DATE)) = 1997. Compute monthly total and the 1997 monthly average; flag months >=1.30x. For flagged months, attribute by district (via account.district_id) and card type (via card.type joined through disp).",financial,,SUM(amount); ratio to 1997 monthly mean,month; district.A2; card.type,operation='VYBER KARTOU'; EXTRACT(YEAR FROM CAST(trans.date AS DATE)) = 1997,1997 monthly,analysis_report,line + annotation; bar by district and card type,,,,,rubric_analysis,hard,"Anomaly identification + attribution. Rubric scores: correct flagged month set, top contributing district, evidence support."
self_financial_analysis_03,3,analysis,"Compare the five Czech regions on lending-portfolio quality in 1997: which region has the highest default rate (status='B' share among finished loans) and what client demographic differences (gender mix, average salary A11) might correlate?","Region from district.A3. Default rate = count(status='B') / count(status IN ('A','B')) for finished loans. Salary is A11. Gender from client. Loans connect via client -> disp -> account -> loan.",financial,,default rate; gender mix; AVG(A11),district.A3,"loan.status IN ('A','B')",loans approved by 1997-12-31,analysis_report,bar; bar; scatter,,,,,rubric_analysis,hard,"Tests cross-table joins, derived metric, and correlational reasoning (without overclaiming causality)."
self_financial_analysis_04,3,analysis,"Examine seasonality in transaction volume. Across all years 1994-1998, which calendar month consistently has the highest transaction count and which the lowest? Quantify the gap and comment on whether the seasonal pattern is stable.",Aggregate trans count by month-of-year averaged across 1994-1998. Stability = year-over-year coefficient-of-variation per month.,financial,,COUNT(trans); CV across years per calendar month,month-of-year (1..12); year,EXTRACT(YEAR FROM CAST(trans.date AS DATE)) BETWEEN 1994 AND 1998,1994-1998,analysis_report,line (one per year overlay),,,,,rubric_analysis,medium,Tests seasonality reasoning (across-year aggregation) with stability check.
self_financial_analysis_05,3,analysis,"Among loans approved in 1996, which 12-month duration band (short=12, medium=24-36, long=48-60) has the worst default performance (highest B share among finished)? Quantify and characterise the typical loan in the worst band.","loan.duration buckets: short=12, medium IN (24,36), long IN (48,60). Default among finished = B / (A + B) within the bucket.",financial,,default rate; AVG(amount); AVG(payments),duration bucket,"EXTRACT(YEAR FROM CAST(loan.date AS DATE)) = 1996; status IN ('A','B')",1996 cohort,analysis_report,bar; table,,,,,rubric_analysis,medium,Tests bucketing logic and rate computation with a finite denominator.
self_financial_analysis_06,3,analysis,What happened to the proportion of card-withdrawal transactions among all withdrawals between 1996 and 1998? Is the trend consistent across regions? Identify regions that are clear outliers from the national trend.,Withdrawals = trans.type='VYDAJ'. Card-withdrawals = operation='VYBER KARTOU'. Proportion = card-with / all-with. Group by year and region (district.A3).,financial,,proportion; deviation from national,year; district.A3,"trans.type='VYDAJ'; EXTRACT(YEAR FROM CAST(trans.date AS DATE)) IN (1996, 1997, 1998)",1996-1998 yearly,analysis_report,line (one per region); bar of deviation,,,,,rubric_analysis,hard,Trend + outlier identification across multiple groups.
self_financial_analysis_07,3,analysis,"Are clients who request weekly statement issuance (POPLATEK TYDNE) different from monthly-issuance clients in loan-default rate? If so, by how much, and is the difference statistically meaningful given the sample sizes?","Frequency on account.frequency. Statement of POPLATEK TYDNE vs POPLATEK MESICNE. Default rate = B/(A+B) on finished loans, restricted to accounts with each frequency.",financial,,default rate; sample size; difference,account.frequency,"status IN ('A','B'); finished loans only",all-time,analysis_report,bar; table,,,,,rubric_analysis,medium,Tests segment comparison with explicit sample-size honesty. Rubric should reward acknowledging uncertainty when n is small.
self_financial_analysis_08,3,analysis,"For accounts in 'south Bohemia' region, summarise the evolution of average account balance (post-transaction) month-over-month in 1997, and call out any month where the regional average dropped by more than 5% compared to the previous month.",trans.balance is the post-transaction balance. Region via district.A3='south Bohemia'. MoM change of monthly average balance per region.,financial,,AVG(trans.balance) by month; MoM percent change,month,"district.""A3""='south Bohemia'; EXTRACT(YEAR FROM CAST(trans.date AS DATE)) = 1997",1997-01..1997-12 monthly,analysis_report,line + annotation,,,,,rubric_analysis,medium,Tests region-scoped MoM analysis and threshold-based event callouts.
self_financial_analysis_09,3,analysis,Compare transaction volume between gold-card-holding clients and classic-card-holding clients during 1998. Is the per-client transaction count and average transaction size materially different between the two groups? Comment on whether the data supports treating gold cards as a high-engagement segment.,Card type from card.type. Per-client metrics aggregate over transactions joined through disp.,financial,,per-client COUNT(trans); per-client AVG(amount),"card.type IN ('gold','classic')","EXTRACT(YEAR FROM CAST(trans.date AS DATE)) = 1998; card.type IN ('gold','classic')",1998,analysis_report,box_plot; bar,,,,,rubric_analysis,hard,"Tests segment definition (excludes junior), per-client aggregation, and honest framing."
self_financial_analysis_10,3,analysis,"Which districts saw the biggest jump in number of new accounts opened from 1995 to 1996? Take the top three and describe what they have in common (region, average salary A11, unemployment rate change A12 -> A13).",New-account count per district per year via account.date. Compare 1995 vs 1996. District attributes from district table.,financial,,account-count delta; A11; A12->A13 delta,district.A2 (top 3),"EXTRACT(YEAR FROM CAST(account.date AS DATE)) IN (1995, 1996)",1995 vs 1996,analysis_report,bar; table,,,,,rubric_analysis,medium,Top-N + characterise. Tests pivoting from temporal delta into static district attributes.
self_financial_rca_01,3,rca,"Total transaction amount in March 1996 was unusually low compared to neighbouring months. Identify the primary contributors to this drop. Drill down by region, transaction type, and k_symbol category.","Compare March 1996 against Feb 1996 and Apr 1996 baselines. Drill dimensions: district.A3 (region), trans.type, trans.k_symbol.",financial,,SUM(trans.amount); contribution to month-vs-baseline gap,district.A3; trans.type; trans.k_symbol,trans in Feb/Mar/Apr 1996,1996-02..1996-04,rca_report,waterfall; bar,,,,,rubric_rca,hard,"Per the date distribution in BIRD financial, Feb 1996 has 12,507 rows; Mar 1996 has 13,297; Apr 1996 has 13,754. The agent should detect that Mar 1996 is NOT a strong outlier in row count -- if amount-total drops without count drop, then average per transaction has fallen."
self_financial_rca_02,3,rca,"The default rate on loans approved in Q3 1996 is materially higher than in Q2 1996. Find the primary driver: is it duration mix, amount distribution, geographic concentration, or client gender mix?","Filter loan.date to 1996-04..06 vs 1996-07..09. Default = status='B' over status IN ('A','B'). Drill on loan.duration, loan.amount bucket, district.A3, client.gender.",financial,,default rate; volume by drill axis,duration; amount bucket; region; gender,"loan.date in 1996 Q2 vs Q3; status IN ('A','B')",1996 Q2 vs Q3,rca_report,bar (each axis); table,,,,,rubric_rca,hard,"Tests multi-axis drill and a discipline of stopping when one axis explains the gap. Rubric: identify primary driver, correct ranking of contributors, evidence-supported."
self_financial_rca_03,3,rca,"Card-withdrawal transaction count for January 1998 was exceptionally high (1,702) versus the 1997 monthly average (180.5). Was this driven by new card issuance during late 1997, by a specific card type, or by a specific subset of districts?","For operation='VYBER KARTOU', January 1998 count is 1,702 and the 1997 monthly average is 180.5. The 42,940 count is all January 1998 transactions, not card-withdrawal transactions. Drill dimensions: card.type via disp; account.district_id; new-issuance cohort = card.issued in 1997-Q4.",financial,,COUNT(trans) by drill axis; share of total,card.type; district.A2; card.issued cohort,trans.operation='VYBER KARTOU'; CAST(trans.date AS DATE) >= DATE '1997-01-01' AND CAST(trans.date AS DATE) < DATE '1998-02-01',1997 monthly + 1998-01,rca_report,bar; line + annotation,,,,,rubric_rca,hard,"Corrected 2026-06-11 after SQL Lab validation found the old ~43k value was all transactions, not VYBER KARTOU. Tests cohort thinking and multi-attribute attribution."
self_financial_rca_04,3,rca,"In 1996, district 5 (Kolin) had a noticeably lower average post-transaction balance than its 1995 average. Identify the main contributor. Drill by account-frequency, by client age band, and by transaction k_symbol.",trans.balance is post-transaction. Kolin = district_id=5. Compare 1995 vs 1996 average balance per account. Age band from client.birth_date. Drill axes as listed.,financial,,AVG(trans.balance); MoM/YoY delta,account.frequency; age band; trans.k_symbol,account.district_id=5,1995 vs 1996,rca_report,bar; line,,,,,rubric_rca,hard,Tests cross-table joins (district-account-trans-disp-client) with a derived age-band column.
self_financial_rca_05,3,rca,"In 1997, accounts with weekly statement issuance (POPLATEK TYDNE) defaulted on loans at a noticeably higher rate than other frequencies. Why? Investigate: are these accounts concentrated in lower-salary districts, do they skew toward larger loan amounts, or toward longer durations?","Compute default rate by frequency, restricted to loans with loan.date in 1997. Drill on district.A11 quartile, loan.amount quartile, loan.duration bucket.",financial,,default rate; mean amount; mean duration; A11 distribution,frequency; salary quartile; amount quartile; duration,"EXTRACT(YEAR FROM CAST(loan.date AS DATE)) = 1997; status IN ('A','B')",1997 cohort,rca_report,bar; box_plot,,,,,rubric_rca,hard,Tests segment-cause separation: do you accept correlation or do you produce a counterfactual decomposition? Rubric should reward acknowledging confounders.
self_financial_rca_06,3,rca,"Across all districts in 1996, the share of household payments (k_symbol='SIPO') in total transaction count varies substantially. Identify the district with the most extreme deviation from the national average and explain what makes it different (region, salary level, unemployment rate).","SIPO share = count(SIPO) / count(*) per district per year. Compare each district's 1996 share to the 1996 national share. Pick max-deviation district; describe its A3, A11, A12, A13 profile.",financial,,SIPO share; deviation from national,district.A2,EXTRACT(YEAR FROM CAST(trans.date AS DATE)) = 1996,1996,rca_report,bar (sorted); table (district profile),,,,,rubric_rca,medium,Tests outlier identification + characterisation.
self_financial_rca_07,3,rca,"Why did the count of new accounts opened drop substantially in February 1994 vs January 1994? Investigate by district, by frequency choice, and by region. Distinguish a one-time January spike from a February dip.","Per the trans schema's monthly distribution, January 1994 has 9,139 trans rows and February 1994 has 5,601. The account-opening pattern likely correlates. Use account.date.",financial,,COUNT(account); ratio Feb/Jan,district.A2; frequency; district.A3,CAST(account.date AS DATE) >= DATE '1994-01-01' AND CAST(account.date AS DATE) < DATE '1994-03-01',1994-01..1994-02,rca_report,bar; line; table,,,,,rubric_rca,medium,Tests baseline framing. The rubric should reward not overclaiming causality where data is descriptive only.
self_financial_rca_08,3,rca,"Within finished loans (status A or B), gold-card holders have a different default rate from junior-card holders. Quantify the gap and decompose: how much is explained by client age, how much by loan amount, and how much remains unexplained?",Card type via disp. Default = B/(A+B). Decomposition: compare like-for-like client-age bands and like-for-like loan-amount bands; what remains is unexplained.,financial,,default rate; explained-share by attribute,card.type; age band; amount band,"status IN ('A','B'); card.type IN ('gold','junior')",all-time finished loans,rca_report,bar; stacked bar (decomposition),,,,,rubric_rca,hard,Tests structured attribution. Rubric: rank-correct contributors and an honest 'unexplained' residual.
self_financial_rca_09,3,rca,"In 1997, total monthly loan-payment outflows (k_symbol='UVER') grew faster in 'east Bohemia' than in any other region. Identify the underlying driver: is it more new loans being approved in that region, larger average loans, or higher-frequency repayment?","k_symbol='UVER' on trans is loan-payment outflow. Region via account.district_id -> district.A3. Drill: count of new loans per region in 1996-1997, AVG(loan.amount) per region, trans count per loan-holding account per region.",financial,,trans SUM(amount); count of loans; avg amount,district.A3; year,"trans.k_symbol='UVER'; EXTRACT(YEAR FROM CAST(trans.date AS DATE)) IN (1996, 1997)",1996 vs 1997 yearly per region,rca_report,line; bar,,,,,rubric_rca,hard,Tests ratio decomposition (volume = N * avg) at regional scope.
self_financial_rca_10,3,rca,"The number of loan applications with status='D' (running, in debt) is concentrated in a small number of districts. Identify the top 3 districts by status-D count and investigate whether they share district-level features (unemployment rate A13, crime rate A16, average salary A11) that distinguish them from low-D districts.",loan.status='D' count per district. Top 3 vs bottom 3 by status-D count; compare district attributes.,financial,,COUNT(loan WHERE status='D'); A11; A13; A16,district.A2 (top 3 vs bottom 3),loan.status='D',all-time,rca_report,bar; table; scatter,,,,,rubric_rca,medium,Tests outlier-vs-control comparison. Avoids overclaiming causality; rubric rewards 'these features correlate' framing.
